site,t1,t2,snotel,cor,days,temp_diff,swe_diff,sd_diff,swe_t1,swe_t2,sd_t1,sd_t2,temp_t1,temp_t2,inc,tree_perc,land_cover,n
alamos,2020-02-12 15:45:59+00:00,2020-02-26 16:27:08+00:00,1173:NM:SNTL,0.39089093,14,-0.1,0.0051,-0.0508,0.1905,0.1956,0.7366,0.6858,-6.3,-6.4,1.2791848182678223,44.625,42.0,16.0
alamos,2020-02-12 15:45:59+00:00,2020-02-26 16:27:08+00:00,708:NM:SNTL,0.511272,14,-0.7,0.0076,-0.127,0.1803,0.188,0.7112,0.5842,-6.0,-6.7,0.8474205136299133,49.0,42.0,12.0
alamos,2020-02-12 15:46:01+00:00,2020-02-19 16:10:13+00:00,1173:NM:SNTL,0.32879192,7,6.0,0.0025,-0.1016,0.1905,0.193,0.7366,0.635,-6.3,-0.3,1.2791848182678223,44.625,42.0,16.0
alamos,2020-02-12 15:46:01+00:00,2020-02-19 16:10:13+00:00,708:NM:SNTL,0.52446204,7,6.2,0.0,-0.1524,0.1803,0.1803,0.7112,0.5588,-6.0,0.2,0.8474205136299133,49.0,42.0,12.0
alamos,2020-02-19 16:10:25+00:00,2020-02-26 16:27:24+00:00,1173:NM:SNTL,0.33189088,7,-6.1,0.0025,0.0508,0.193,0.1956,0.635,0.6858,-0.3,-6.4,1.2791848182678223,44.625,42.0,16.0
alamos,2020-02-19 16:10:25+00:00,2020-02-26 16:27:24+00:00,708:NM:SNTL,0.55721647,7,-6.9,0.0076,0.0254,0.1803,0.188,0.5588,0.5842,0.2,-6.7,0.8474205136299133,49.0,42.0,12.0
donner,2019-12-20 18:29:54+00:00,2020-01-31 19:56:39+00:00,428:CA:SNTL,0.3628748,42,2.5,0.1321,0.381,0.3124,0.4445,1.0668,1.4478,1.8,4.3,1.0094759464263916,38.0625,42.0,16.0
donner,2019-12-20 18:29:54+00:00,2020-01-31 19:56:39+00:00,540:CA:SNTL,0.46945968,42,-1.0,0.033,0.1016,0.1118,0.1448,0.3302,0.4318,3.1,2.1,1.052609920501709,36.91666793823242,42.0,12.0
donner,2019-12-20 18:29:54+00:00,2020-01-31 19:56:39+00:00,539:CA:SNTL,0.5245691,42,-1.9,0.0889,0.2794,0.1626,0.2515,0.508,0.7874,5.2,3.3,1.067202091217041,45.349998474121094,42.0,20.0
donner,2019-12-20 18:29:54+00:00,2020-01-31 19:56:39+00:00,541:CA:SNTL,0.37114948,42,5.4,0.1118,0.127,0.315,0.4267,1.2192,1.3462,2.0,7.4,1.2146174907684326,39.125,42.0,16.0
donner,2020-01-31 19:56:40+00:00,2020-02-19 23:07:38+00:00,428:CA:SNTL,0.5243951,19,-2.8,-0.0305,-0.2286,0.4445,0.414,1.4478,1.2192,4.3,1.5,1.0094759464263916,38.0625,42.0,16.0
donner,2020-01-31 19:56:40+00:00,2020-02-19 23:07:38+00:00,540:CA:SNTL,0.5449669,19,-1.2,0.0025,-0.0762,0.1448,0.1473,0.4318,0.3556,2.1,0.9,1.052609920501709,36.91666793823242,42.0,12.0
donner,2020-01-31 19:56:40+00:00,2020-02-19 23:07:38+00:00,539:CA:SNTL,0.69458574,19,-2.1,0.0051,-0.0762,0.2515,0.2565,0.7874,0.7112,3.3,1.2,1.067202091217041,45.349998474121094,42.0,20.0
donner,2020-01-31 19:56:40+00:00,2020-02-19 23:07:38+00:00,541:CA:SNTL,0.6334063,19,-6.6,0.0051,-0.127,0.4267,0.4318,1.3462,1.2192,7.4,0.8,1.2146174907684326,39.125,42.0,16.0
donner,2020-02-19 23:07:38+00:00,2020-02-26 23:56:53+00:00,428:CA:SNTL,0.6077795,7,2.7,-0.0381,-0.1524,0.414,0.3759,1.2192,1.0668,1.5,4.2,1.0094759464263916,38.0625,42.0,16.0
donner,2020-02-19 23:07:38+00:00,2020-02-26 23:56:53+00:00,540:CA:SNTL,0.6175031,7,2.2,-0.0178,-0.0508,0.1473,0.1295,0.3556,0.3048,0.9,3.1,1.052609920501709,36.91666793823242,42.0,12.0
donner,2020-02-19 23:07:38+00:00,2020-02-26 23:56:53+00:00,539:CA:SNTL,0.76978624,7,2.3,0.0,-0.0254,0.2565,0.2565,0.7112,0.6858,1.2,3.5,1.067202091217041,45.349998474121094,42.0,20.0
donner,2020-02-19 23:07:38+00:00,2020-02-26 23:56:53+00:00,541:CA:SNTL,0.70485014,7,4.9,0.0,-0.0508,0.4318,0.4318,1.2192,1.1684,0.8,5.7,1.2146174907684326,39.125,42.0,16.0
donner,2020-02-26 23:56:53+00:00,2020-03-11 19:34:26+00:00,428:CA:SNTL,0.5825636,13,-0.5,-0.0584,-0.1778,0.3759,0.3175,1.0668,0.889,4.2,3.7,1.0094759464263916,38.0625,42.0,16.0
donner,2020-02-26 23:56:53+00:00,2020-03-11 19:34:26+00:00,540:CA:SNTL,0.66688514,13,0.6,-0.0711,-0.0762,0.1295,0.0584,0.3048,0.2286,3.1,3.7,1.052609920501709,36.91666793823242,42.0,12.0
donner,2020-02-26 23:56:53+00:00,2020-03-11 19:34:26+00:00,539:CA:SNTL,0.7096114,13,-0.5,-0.0457,-0.127,0.2565,0.2108,0.6858,0.5588,3.5,3.0,1.067202091217041,45.349998474121094,42.0,20.0
donner,2020-02-26 23:56:53+00:00,2020-03-11 19:34:26+00:00,541:CA:SNTL,0.63529825,13,-2.5,0.0279,0.0762,0.4318,0.4597,1.1684,1.2446,5.7,3.2,1.2146174907684326,39.125,42.0,16.0
dorado,2020-01-31 19:30:11+00:00,2020-02-12 22:49:46+00:00,428:CA:SNTL,0.5509126,12,-3.1,-0.0203,-0.127,0.4445,0.4242,1.4478,1.3208,4.3,1.2,1.0146517753601074,37.8125,42.0,16.0
dorado,2020-01-31 19:30:11+00:00,2020-02-12 22:49:46+00:00,463:CA:SNTL,0.5014429,12,-4.1,0.0076,-0.0508,0.4902,0.4978,1.2446,1.1938,7.4,3.3,0.8116545677185059,14.75,52.0,16.0
dorado,2020-01-31 19:30:11+00:00,2020-02-12 22:49:46+00:00,724:CA:SNTL,0.40788734,12,-3.6,0.0025,-0.0254,0.3099,0.3124,0.9144,0.889,5.6,2.0,0.42119544744491577,51.9375,42.0,16.0
dorado,2020-01-31 19:30:11+00:00,2020-02-12 22:49:46+00:00,784:CA:SNTL,0.3881899,12,-5.6,-0.0102,-0.1016,0.4826,0.4724,1.143,1.0414,8.0,2.4,0.8601289987564087,0.0,52.0,16.0
dorado,2020-01-31 19:30:11+00:00,2020-02-12 22:49:46+00:00,848:CA:SNTL,0.6098104,12,-0.9,0.0127,-0.0254,0.442,0.4547,1.1938,1.1684,1.0,0.1,0.594768762588501,9.833333015441895,42.0,12.0
dorado,2020-01-31 19:30:11+00:00,2020-02-12 22:49:46+00:00,541:CA:SNTL,0.6537591,12,-4.8,0.0051,-0.0762,0.4267,0.4318,1.3462,1.27,7.4,2.6,0.5446416139602661,39.75,42.0,16.0
dorado,2020-02-12 22:49:45+00:00,2020-02-19 22:42:21+00:00,428:CA:SNTL,0.73294187,6,0.3,-0.0102,-0.1016,0.4242,0.414,1.3208,1.2192,1.2,1.5,1.0146517753601074,37.8125,42.0,16.0
dorado,2020-02-12 22:49:45+00:00,2020-02-19 22:42:21+00:00,463:CA:SNTL,0.51574355,6,-1.2,0.0,-0.0762,0.4978,0.4978,1.1938,1.1176,3.3,2.1,0.8116545677185059,14.75,52.0,16.0
dorado,2020-02-12 22:49:45+00:00,2020-02-19 22:42:21+00:00,724:CA:SNTL,0.60254323,6,-0.7,0.0,-0.0254,0.3124,0.3124,0.889,0.8636,2.0,1.3,0.42119544744491577,51.9375,42.0,16.0
dorado,2020-02-12 22:49:45+00:00,2020-02-19 22:42:21+00:00,784:CA:SNTL,0.5381657,6,-1.3,-0.0229,-0.0254,0.4724,0.4496,1.0414,1.016,2.4,1.1,0.8601289987564087,0.0,52.0,16.0
dorado,2020-02-12 22:49:45+00:00,2020-02-19 22:42:21+00:00,848:CA:SNTL,0.7257635,6,0.5,0.0,-0.0254,0.4547,0.4547,1.1684,1.143,0.1,0.6,0.594768762588501,9.833333015441895,42.0,12.0
dorado,2020-02-12 22:49:45+00:00,2020-02-19 22:42:21+00:00,541:CA:SNTL,0.826472,6,-1.8,0.0,-0.0508,0.4318,0.4318,1.27,1.2192,2.6,0.8,0.5446416139602661,39.75,42.0,16.0
dorado,2020-02-19 22:42:09+00:00,2020-02-26 23:30:36+00:00,428:CA:SNTL,0.6255177,7,2.7,-0.0381,-0.1524,0.414,0.3759,1.2192,1.0668,1.5,4.2,1.0146517753601074,37.8125,42.0,16.0
dorado,2020-02-19 22:42:09+00:00,2020-02-26 23:30:36+00:00,463:CA:SNTL,0.48975456,7,4.5,-0.0203,-0.0508,0.4978,0.4775,1.1176,1.0668,2.1,6.6,0.8116545677185059,14.75,52.0,16.0
dorado,2020-02-19 22:42:09+00:00,2020-02-26 23:30:36+00:00,724:CA:SNTL,0.7619233,7,4.1,-0.0076,-0.0508,0.3124,0.3048,0.8636,0.8128,1.3,5.4,0.42119544744491577,51.9375,42.0,16.0
dorado,2020-02-19 22:42:09+00:00,2020-02-26 23:30:36+00:00,784:CA:SNTL,0.36679637,7,5.0,-0.0152,-0.0508,0.4496,0.4343,1.016,0.9652,1.1,6.1,0.8601289987564087,0.0,52.0,16.0
dorado,2020-02-19 22:42:09+00:00,2020-02-26 23:30:36+00:00,848:CA:SNTL,0.5603751,7,2.3,0.0,-0.1016,0.4547,0.4547,1.143,1.0414,0.6,2.9,0.594768762588501,9.833333015441895,42.0,12.0
dorado,2020-02-19 22:42:09+00:00,2020-02-26 23:30:36+00:00,541:CA:SNTL,0.7723986,7,4.9,0.0,-0.0508,0.4318,0.4318,1.2192,1.1684,0.8,5.7,0.5446416139602661,39.75,42.0,16.0
dorado,2020-02-26 23:30:49+00:00,2020-03-11 16:05:26+00:00,428:CA:SNTL,0.6066797,13,-0.5,-0.0584,-0.1778,0.3759,0.3175,1.0668,0.889,4.2,3.7,1.0146517753601074,37.8125,42.0,16.0
dorado,2020-02-26 23:30:49+00:00,2020-03-11 16:05:26+00:00,463:CA:SNTL,0.45211983,13,-2.3,-0.0381,-0.1016,0.4775,0.4394,1.0668,0.9652,6.6,4.3,0.8116545677185059,14.75,52.0,16.0
dorado,2020-02-26 23:30:49+00:00,2020-03-11 16:05:26+00:00,724:CA:SNTL,0.6787104,13,-1.5,0.0,-0.0254,0.3048,0.3048,0.8128,0.7874,5.4,3.9,0.42119544744491577,51.9375,42.0,16.0
dorado,2020-02-26 23:30:49+00:00,2020-03-11 16:05:26+00:00,784:CA:SNTL,0.34117186,13,-2.2,-0.0152,-0.0254,0.4343,0.4191,0.9652,0.9398,6.1,3.9,0.8601289987564087,0.0,52.0,16.0
dorado,2020-02-26 23:30:49+00:00,2020-03-11 16:05:26+00:00,848:CA:SNTL,0.39781538,13,0.2,-0.0076,-0.0762,0.4547,0.447,1.0414,0.9652,2.9,3.1,0.594768762588501,9.833333015441895,42.0,12.0
dorado,2020-02-26 23:30:49+00:00,2020-03-11 16:05:26+00:00,541:CA:SNTL,0.56967115,13,-2.5,0.0279,0.0762,0.4318,0.4597,1.1684,1.2446,5.7,3.2,0.5446416139602661,39.75,42.0,16.0
fraser,2020-02-12 17:42:04+00:00,2020-02-19 18:15:12+00:00,663:CO:SNTL,0.7580784,7,-2.0,0.0279,0.1016,0.2743,0.3023,1.1176,1.2192,-9.7,-11.7,1.074515700340271,58.66666793823242,42.0,12.0
fraser,2020-02-12 17:42:04+00:00,2020-02-19 18:15:12+00:00,1186:CO:SNTL,0.3429675,7,1.7,0.0356,0.0254,0.4039,0.4394,1.6764,1.7018,-12.4,-10.7,0.9243652820587158,51.875,42.0,16.0
fraser,2020-02-12 17:42:04+00:00,2020-02-19 18:15:12+00:00,838:CO:SNTL,0.48653233,7,-1.3,0.0356,0.0508,0.3048,0.3404,1.3716,1.4224,-10.5,-11.8,0.986225962638855,48.6875,42.0,16.0
fraser,2020-02-12 17:42:04+00:00,2020-02-19 18:15:12+00:00,564:CO:SNTL,,7,-1.9,0.0254,0.0254,0.2743,0.2997,1.3462,1.3716,-9.2,-11.1,1.215876579284668,44.125,21.0,0.0
fraser,2020-02-12 17:42:04+00:00,2020-02-19 18:15:12+00:00,1187:CO:SNTL,0.38371852,7,1.9,0.0508,0.1778,0.3505,0.4013,1.5748,1.7526,-11.7,-9.8,,47.625,42.0,16.0
fraser,2020-02-19 18:15:12+00:00,2020-02-26 18:39:43+00:00,663:CO:SNTL,0.41403398,7,3.4,0.0127,-0.0254,0.3023,0.315,1.2192,1.1938,-11.7,-8.3,1.074515700340271,58.66666793823242,42.0,12.0
fraser,2020-02-19 18:15:12+00:00,2020-02-26 18:39:43+00:00,1186:CO:SNTL,0.41862446,7,-2.4,0.0076,-0.127,0.4394,0.447,1.7018,1.5748,-10.7,-13.1,0.9243652820587158,51.875,42.0,16.0
fraser,2020-02-19 18:15:12+00:00,2020-02-26 18:39:43+00:00,838:CO:SNTL,0.5597819,7,1.0,0.0127,-0.0762,0.3404,0.3531,1.4224,1.3462,-11.8,-10.8,0.986225962638855,48.6875,42.0,16.0
fraser,2020-02-19 18:15:12+00:00,2020-02-26 18:39:43+00:00,564:CO:SNTL,,7,1.7,0.0127,-0.1016,0.2997,0.3124,1.3716,1.27,-11.1,-9.4,1.215876579284668,44.125,21.0,0.0
fraser,2020-02-19 18:15:12+00:00,2020-02-26 18:39:43+00:00,1187:CO:SNTL,0.5228207,7,-3.8,0.0127,-0.2032,0.4013,0.414,1.7526,1.5494,-9.8,-13.6,,47.625,42.0,16.0
fraser,2020-02-26 18:39:30+00:00,2020-03-12 17:25:21+00:00,663:CO:SNTL,0.27789268,14,7.9,0.0152,-0.2032,0.315,0.3302,1.1938,0.9906,-8.3,-0.4,1.074515700340271,58.66666793823242,42.0,12.0
fraser,2020-02-26 18:39:30+00:00,2020-03-12 17:25:21+00:00,1186:CO:SNTL,0.3090886,14,12.1,0.0254,-0.1524,0.447,0.4724,1.5748,1.4224,-13.1,-1.0,0.9243652820587158,51.875,42.0,16.0
fraser,2020-02-26 18:39:30+00:00,2020-03-12 17:25:21+00:00,838:CO:SNTL,0.346232,14,10.2,0.0229,-0.0508,0.3531,0.3759,1.3462,1.2954,-10.8,-0.6,0.986225962638855,48.6875,42.0,16.0
fraser,2020-02-26 18:39:30+00:00,2020-03-12 17:25:21+00:00,564:CO:SNTL,,14,9.8,0.0127,-0.1778,0.3124,0.3251,1.27,1.0922,-9.4,0.4,1.215876579284668,44.125,21.0,0.0
fraser,2020-02-26 18:39:30+00:00,2020-03-12 17:25:21+00:00,1187:CO:SNTL,0.48247927,14,13.1,0.0178,-0.1778,0.414,0.4318,1.5494,1.3716,-13.6,-0.5,,47.625,42.0,16.0
fraser,2021-01-15 17:15:52+00:00,2021-01-20 18:58:52+00:00,663:CO:SNTL,0.37846458,5,2.7,0.0127,0.0762,0.0864,0.0991,0.381,0.4572,-5.1,-2.4,0.8535640239715576,58.66666793823242,42.0,12.0
fraser,2021-01-15 17:15:52+00:00,2021-01-20 18:58:52+00:00,1186:CO:SNTL,0.5801604,5,1.3,0.0152,0.0508,0.1956,0.2108,0.7874,0.8382,-9.4,-8.1,1.0739655494689941,51.875,42.0,16.0
fraser,2021-01-15 17:15:52+00:00,2021-01-20 18:58:52+00:00,838:CO:SNTL,0.54145354,5,3.1,0.0229,0.127,0.1143,0.1372,0.508,0.635,-7.6,-4.5,0.962191104888916,48.6875,42.0,16.0
fraser,2021-01-15 17:15:52+00:00,2021-01-20 18:58:52+00:00,564:CO:SNTL,0.52704746,5,3.2,0.0152,0.0762,0.1016,0.1168,0.508,0.5842,-5.9,-2.7,0.516080379486084,44.125,21.0,16.0
fraser,2021-01-15 17:15:52+00:00,2021-01-20 18:58:52+00:00,1187:CO:SNTL,0.58149904,5,3.9,0.0127,0.0762,0.1702,0.1829,0.6858,0.762,-10.0,-6.1,1.2055563926696777,47.625,42.0,16.0
fraser,2021-01-20 18:58:53+00:00,2021-01-27 19:12:14+00:00,663:CO:SNTL,0.47306964,7,-3.0,0.0051,0.0254,0.0991,0.1041,0.4572,0.4826,-2.4,-5.4,0.8535640239715576,58.66666793823242,42.0,12.0
fraser,2021-01-20 18:58:53+00:00,2021-01-27 19:12:14+00:00,1186:CO:SNTL,0.64816535,7,-3.2,0.0076,0.0508,0.2108,0.2184,0.8382,0.889,-8.1,-11.3,1.0739655494689941,51.875,42.0,16.0
fraser,2021-01-20 18:58:53+00:00,2021-01-27 19:12:14+00:00,838:CO:SNTL,0.59255004,7,-2.5,0.0025,-0.0254,0.1372,0.1397,0.635,0.6096,-4.5,-7.0,0.962191104888916,48.6875,42.0,16.0
fraser,2021-01-20 18:58:53+00:00,2021-01-27 19:12:14+00:00,564:CO:SNTL,0.7124065,7,-3.1,0.0076,0.0254,0.1168,0.1245,0.5842,0.6096,-2.7,-5.8,0.516080379486084,44.125,21.0,16.0
fraser,2021-01-20 18:58:53+00:00,2021-01-27 19:12:14+00:00,1187:CO:SNTL,0.6790128,7,-3.2,0.0102,0.2032,0.1829,0.193,0.762,0.9652,-6.1,-9.3,1.2055563926696777,47.625,42.0,16.0
fraser,2021-01-27 19:12:14+00:00,2021-02-03 18:11:35+00:00,663:CO:SNTL,0.3943884,6,4.2,0.0,-0.0508,0.1041,0.1041,0.4826,0.4318,-5.4,-1.2,0.8535640239715576,58.66666793823242,42.0,12.0
fraser,2021-01-27 19:12:14+00:00,2021-02-03 18:11:35+00:00,1186:CO:SNTL,0.36599255,6,7.1,0.0102,0.0,0.2184,0.2286,0.889,0.889,-11.3,-4.2,1.0739655494689941,51.875,42.0,16.0
fraser,2021-01-27 19:12:14+00:00,2021-02-03 18:11:35+00:00,838:CO:SNTL,0.43643457,6,4.5,0.0076,-0.0254,0.1397,0.1473,0.6096,0.5842,-7.0,-2.5,0.962191104888916,48.6875,42.0,16.0
fraser,2021-01-27 19:12:14+00:00,2021-02-03 18:11:35+00:00,564:CO:SNTL,0.5674972,6,4.8,0.0051,-0.0508,0.1245,0.1295,0.6096,0.5588,-5.8,-1.0,0.516080379486084,44.125,21.0,16.0
fraser,2021-01-27 19:12:14+00:00,2021-02-03 18:11:35+00:00,1187:CO:SNTL,0.47666633,6,5.8,0.0051,-0.1778,0.193,0.1981,0.9652,0.7874,-9.3,-3.5,1.2055563926696777,47.625,42.0,16.0
fraser,2021-01-27 19:25:31+00:00,2021-02-03 18:25:26+00:00,663:CO:SNTL,0.34128395,6,4.2,0.0,-0.0508,0.1041,0.1041,0.4826,0.4318,-5.4,-1.2,1.074515700340271,58.66666793823242,42.0,12.0
fraser,2021-01-27 19:25:31+00:00,2021-02-03 18:25:26+00:00,1186:CO:SNTL,0.36102226,6,7.1,0.0102,0.0,0.2184,0.2286,0.889,0.889,-11.3,-4.2,0.9243652820587158,51.875,42.0,16.0
fraser,2021-01-27 19:25:31+00:00,2021-02-03 18:25:26+00:00,838:CO:SNTL,0.47147372,6,4.5,0.0076,-0.0254,0.1397,0.1473,0.6096,0.5842,-7.0,-2.5,0.986225962638855,48.6875,42.0,16.0
fraser,2021-01-27 19:25:31+00:00,2021-02-03 18:25:26+00:00,564:CO:SNTL,0.46408433,6,4.8,0.0051,-0.0508,0.1245,0.1295,0.6096,0.5588,-5.8,-1.0,1.215876579284668,44.125,21.0,16.0
fraser,2021-01-27 19:25:31+00:00,2021-02-03 18:25:26+00:00,1187:CO:SNTL,,6,5.8,0.0051,-0.1778,0.193,0.1981,0.9652,0.7874,-9.3,-3.5,,47.625,42.0,0.0
fraser,2021-02-03 18:11:25+00:00,2021-02-23 17:03:04+00:00,663:CO:SNTL,0.47890067,19,0.0,0.0813,0.3556,0.1041,0.1854,0.4318,0.7874,-1.2,-1.2,0.8535640239715576,58.66666793823242,42.0,12.0
fraser,2021-02-03 18:11:25+00:00,2021-02-23 17:03:04+00:00,1186:CO:SNTL,0.3598987,19,-0.5,0.0813,0.2794,0.2286,0.3099,0.889,1.1684,-4.2,-4.7,1.0739655494689941,51.875,42.0,16.0
fraser,2021-02-03 18:11:25+00:00,2021-02-23 17:03:04+00:00,838:CO:SNTL,0.43076795,19,-0.4,0.0914,0.381,0.1473,0.2388,0.5842,0.9652,-2.5,-2.9,0.962191104888916,48.6875,42.0,16.0
fraser,2021-02-03 18:11:25+00:00,2021-02-23 17:03:04+00:00,564:CO:SNTL,0.43129215,19,0.2,0.066,0.2794,0.1295,0.1956,0.5588,0.8382,-1.0,-0.8,0.516080379486084,44.125,21.0,16.0
fraser,2021-02-03 18:11:25+00:00,2021-02-23 17:03:04+00:00,1187:CO:SNTL,0.3198204,19,-1.5,0.1245,0.508,0.1981,0.3226,0.7874,1.2954,-3.5,-5.0,1.2055563926696777,47.625,42.0,16.0
fraser,2021-02-03 18:25:11+00:00,2021-03-03 16:47:26+00:00,663:CO:SNTL,0.8398307,27,1.1,0.0965,0.3302,0.1041,0.2007,0.4318,0.762,-1.2,-0.1,1.074515700340271,58.66666793823242,42.0,12.0
fraser,2021-02-03 18:25:11+00:00,2021-03-03 16:47:26+00:00,1186:CO:SNTL,0.44123113,27,0.9,0.094,0.2794,0.2286,0.3226,0.889,1.1684,-4.2,-3.3,0.9243652820587158,51.875,42.0,16.0
fraser,2021-02-03 18:25:11+00:00,2021-03-03 16:47:26+00:00,838:CO:SNTL,0.60111177,27,1.8,0.1041,0.381,0.1473,0.2515,0.5842,0.9652,-2.5,-0.7,0.986225962638855,48.6875,42.0,16.0
fraser,2021-02-03 18:25:11+00:00,2021-03-03 16:47:26+00:00,564:CO:SNTL,0.4675299,27,2.8,0.0787,0.2286,0.1295,0.2083,0.5588,0.7874,-1.0,1.8,1.215876579284668,44.125,21.0,16.0
fraser,2021-02-03 18:25:11+00:00,2021-03-03 16:47:26+00:00,1187:CO:SNTL,,27,3.3,0.1321,0.4572,0.1981,0.3302,0.7874,1.2446,-3.5,-0.2,,47.625,42.0,0.0
fraser,2021-02-23 17:03:04+00:00,2021-03-03 16:33:59+00:00,663:CO:SNTL,0.5803159,7,1.1,0.0152,-0.0254,0.1854,0.2007,0.7874,0.762,-1.2,-0.1,0.8535640239715576,58.66666793823242,42.0,12.0
fraser,2021-02-23 17:03:04+00:00,2021-03-03 16:33:59+00:00,1186:CO:SNTL,0.42584106,7,1.4,0.0127,0.0,0.3099,0.3226,1.1684,1.1684,-4.7,-3.3,1.0739655494689941,51.875,42.0,16.0
fraser,2021-02-23 17:03:04+00:00,2021-03-03 16:33:59+00:00,838:CO:SNTL,0.54166174,7,2.2,0.0127,0.0,0.2388,0.2515,0.9652,0.9652,-2.9,-0.7,0.962191104888916,48.6875,42.0,16.0
fraser,2021-02-23 17:03:04+00:00,2021-03-03 16:33:59+00:00,564:CO:SNTL,0.7122872,7,2.6,0.0127,-0.0508,0.1956,0.2083,0.8382,0.7874,-0.8,1.8,0.516080379486084,44.125,21.0,16.0
fraser,2021-02-23 17:03:04+00:00,2021-03-03 16:33:59+00:00,1187:CO:SNTL,0.35684454,7,4.8,0.0076,-0.0508,0.3226,0.3302,1.2954,1.2446,-5.0,-0.2,1.2055563926696777,47.625,42.0,16.0
fraser,2021-03-03 16:34:09+00:00,2021-03-10 16:05:14+00:00,663:CO:SNTL,0.29333737,6,-6.3,0.0051,0.0,0.2007,0.2057,0.762,0.762,-0.1,-6.4,0.8535640239715576,58.66666793823242,42.0,12.0
fraser,2021-03-03 16:34:09+00:00,2021-03-10 16:05:14+00:00,1186:CO:SNTL,0.44426128,6,-5.7,0.0203,0.0,0.3226,0.3429,1.1684,1.1684,-3.3,-9.0,1.0739655494689941,51.875,42.0,16.0
fraser,2021-03-03 16:34:09+00:00,2021-03-10 16:05:14+00:00,838:CO:SNTL,0.40155706,6,-7.3,0.0076,-0.0508,0.2515,0.2591,0.9652,0.9144,-0.7,-8.0,0.962191104888916,48.6875,42.0,16.0
fraser,2021-03-03 16:34:09+00:00,2021-03-10 16:05:14+00:00,564:CO:SNTL,0.45355856,6,-7.4,0.0051,-0.0508,0.2083,0.2134,0.7874,0.7366,1.8,-5.6,0.516080379486084,44.125,21.0,16.0
fraser,2021-03-03 16:34:09+00:00,2021-03-10 16:05:14+00:00,1187:CO:SNTL,0.39150548,6,-7.8,0.0203,0.0,0.3302,0.3505,1.2446,1.2446,-0.2,-8.0,1.2055563926696777,47.625,42.0,16.0
fraser,2021-03-03 16:47:41+00:00,2021-03-10 16:16:22+00:00,663:CO:SNTL,0.26325354,6,-6.3,0.0051,0.0,0.2007,0.2057,0.762,0.762,-0.1,-6.4,1.074515700340271,58.66666793823242,42.0,12.0
fraser,2021-03-03 16:47:41+00:00,2021-03-10 16:16:22+00:00,1186:CO:SNTL,0.4067268,6,-5.7,0.0203,0.0,0.3226,0.3429,1.1684,1.1684,-3.3,-9.0,0.9243652820587158,51.875,42.0,16.0
fraser,2021-03-03 16:47:41+00:00,2021-03-10 16:16:22+00:00,838:CO:SNTL,0.45690426,6,-7.3,0.0076,-0.0508,0.2515,0.2591,0.9652,0.9144,-0.7,-8.0,0.986225962638855,48.6875,42.0,16.0
fraser,2021-03-03 16:47:41+00:00,2021-03-10 16:16:22+00:00,564:CO:SNTL,0.30886054,6,-7.4,0.0051,-0.0508,0.2083,0.2134,0.7874,0.7366,1.8,-5.6,1.215876579284668,44.125,21.0,16.0
fraser,2021-03-03 16:47:41+00:00,2021-03-10 16:16:22+00:00,1187:CO:SNTL,,6,-7.8,0.0203,0.0,0.3302,0.3505,1.2446,1.2446,-0.2,-8.0,,47.625,42.0,0.0
fraser,2021-03-10 16:05:15+00:00,2021-03-16 21:24:01+00:00,663:CO:SNTL,0.31517634,6,1.1,0.0737,0.4572,0.2057,0.2794,0.762,1.2192,-6.4,-5.3,0.8535640239715576,58.66666793823242,42.0,12.0
fraser,2021-03-10 16:05:15+00:00,2021-03-16 21:24:01+00:00,1186:CO:SNTL,0.39141124,6,1.4,0.0483,0.3048,0.3429,0.3912,1.1684,1.4732,-9.0,-7.6,1.0739655494689941,51.875,42.0,16.0
fraser,2021-03-10 16:05:15+00:00,2021-03-16 21:24:01+00:00,838:CO:SNTL,0.43069845,6,1.9,0.0635,0.2794,0.2591,0.3226,0.9144,1.1938,-8.0,-6.1,0.962191104888916,48.6875,42.0,16.0
fraser,2021-03-10 16:05:15+00:00,2021-03-16 21:24:01+00:00,564:CO:SNTL,0.4133725,6,1.0,0.0635,0.5334,0.2134,0.2769,0.7366,1.27,-5.6,-4.6,0.516080379486084,44.125,21.0,16.0
fraser,2021-03-10 16:05:15+00:00,2021-03-16 21:24:01+00:00,1187:CO:SNTL,0.3716352,6,1.3,0.0483,0.254,0.3505,0.3988,1.2446,1.4986,-8.0,-6.7,1.2055563926696777,47.625,42.0,16.0
fraser,2021-03-10 16:16:22+00:00,2021-03-16 21:36:22+00:00,663:CO:SNTL,0.36553857,6,1.1,0.0737,0.4572,0.2057,0.2794,0.762,1.2192,-6.4,-5.3,1.074515700340271,58.66666793823242,42.0,12.0
fraser,2021-03-10 16:16:22+00:00,2021-03-16 21:36:22+00:00,1186:CO:SNTL,0.4624098,6,1.4,0.0483,0.3048,0.3429,0.3912,1.1684,1.4732,-9.0,-7.6,0.9243652820587158,51.875,42.0,16.0
fraser,2021-03-10 16:16:22+00:00,2021-03-16 21:36:22+00:00,838:CO:SNTL,0.43599826,6,1.9,0.0635,0.2794,0.2591,0.3226,0.9144,1.1938,-8.0,-6.1,0.986225962638855,48.6875,42.0,16.0
fraser,2021-03-10 16:16:22+00:00,2021-03-16 21:36:22+00:00,564:CO:SNTL,0.33985618,6,1.0,0.0635,0.5334,0.2134,0.2769,0.7366,1.27,-5.6,-4.6,1.215876579284668,44.125,21.0,16.0
fraser,2021-03-10 16:16:22+00:00,2021-03-16 21:36:22+00:00,1187:CO:SNTL,,6,1.3,0.0483,0.254,0.3505,0.3988,1.2446,1.4986,-8.0,-6.7,,47.625,42.0,0.0
fraser,2021-03-16 21:23:49+00:00,2021-03-22 15:00:35+00:00,663:CO:SNTL,0.49640223,5,0.3,0.0152,-0.1016,0.2794,0.2946,1.2192,1.1176,-5.3,-5.0,0.8535640239715576,58.66666793823242,42.0,12.0
fraser,2021-03-16 21:23:49+00:00,2021-03-22 15:00:35+00:00,1186:CO:SNTL,0.5558222,5,1.2,0.0279,0.1524,0.3912,0.4191,1.4732,1.6256,-7.6,-6.4,1.0739655494689941,51.875,42.0,16.0
fraser,2021-03-16 21:23:49+00:00,2021-03-22 15:00:35+00:00,838:CO:SNTL,0.5753392,5,0.4,0.0203,0.1778,0.3226,0.3429,1.1938,1.3716,-6.1,-5.7,0.962191104888916,48.6875,42.0,16.0
fraser,2021-03-16 21:23:49+00:00,2021-03-22 15:00:35+00:00,564:CO:SNTL,0.48133552,5,0.4,0.0152,-0.1016,0.2769,0.2921,1.27,1.1684,-4.6,-4.2,0.516080379486084,44.125,21.0,16.0
fraser,2021-03-16 21:23:49+00:00,2021-03-22 15:00:35+00:00,1187:CO:SNTL,0.47531855,5,1.7,0.0203,0.0508,0.3988,0.4191,1.4986,1.5494,-6.7,-5.0,1.2055563926696777,47.625,42.0,16.0
fraser,2021-03-16 21:36:23+00:00,2021-03-22 15:12:36+00:00,663:CO:SNTL,0.4413769,5,0.3,0.0152,-0.1016,0.2794,0.2946,1.2192,1.1176,-5.3,-5.0,1.074515700340271,58.66666793823242,42.0,12.0
fraser,2021-03-16 21:36:23+00:00,2021-03-22 15:12:36+00:00,1186:CO:SNTL,0.55873513,5,1.2,0.0279,0.1524,0.3912,0.4191,1.4732,1.6256,-7.6,-6.4,0.9243652820587158,51.875,42.0,16.0
fraser,2021-03-16 21:36:23+00:00,2021-03-22 15:12:36+00:00,838:CO:SNTL,0.6077333,5,0.4,0.0203,0.1778,0.3226,0.3429,1.1938,1.3716,-6.1,-5.7,0.986225962638855,48.6875,42.0,16.0
fraser,2021-03-16 21:36:23+00:00,2021-03-22 15:12:36+00:00,564:CO:SNTL,0.3853712,5,0.4,0.0152,-0.1016,0.2769,0.2921,1.27,1.1684,-4.6,-4.2,1.215876579284668,44.125,21.0,16.0
fraser,2021-03-16 21:36:23+00:00,2021-03-22 15:12:36+00:00,1187:CO:SNTL,,5,1.7,0.0203,0.0508,0.3988,0.4191,1.4986,1.5494,-6.7,-5.0,,47.625,42.0,0.0
grmesa,2020-02-01 02:13:16+00:00,2020-02-12 16:47:20+00:00,622:CO:SNTL,0.6536635,11,-10.1,0.0076,0.0,0.2057,0.2134,0.8636,0.8636,-0.4,-10.5,1.014936923980713,27.450000762939453,43.0,20.0
grmesa,2020-02-01 02:13:16+00:00,2020-02-19 17:24:18+00:00,622:CO:SNTL,0.5918409,18,-7.4,0.0127,-0.0254,0.2057,0.2184,0.8636,0.8382,-0.4,-7.8,1.014936923980713,27.450000762939453,43.0,20.0
grmesa,2020-02-01 02:13:16+00:00,2020-02-26 17:40:54+00:00,622:CO:SNTL,0.51877934,25,-9.2,0.0178,0.0508,0.2057,0.2235,0.8636,0.9144,-0.4,-9.6,1.014936923980713,27.450000762939453,43.0,20.0
grmesa,2020-02-01 02:13:16+00:00,2020-03-12 18:17:08+00:00,622:CO:SNTL,0.39788777,40,1.4,0.033,0.0,0.2057,0.2388,0.8636,0.8636,-0.4,1.0,1.014936923980713,27.450000762939453,43.0,20.0
grmesa,2020-02-12 16:47:07+00:00,2020-02-19 17:24:04+00:00,622:CO:SNTL,0.61413676,7,2.7,0.0051,-0.0254,0.2134,0.2184,0.8636,0.8382,-10.5,-7.8,1.014936923980713,27.450000762939453,43.0,20.0
grmesa,2020-02-19 17:24:03+00:00,2020-02-26 17:40:39+00:00,622:CO:SNTL,0.58450204,7,-1.8,0.0051,0.0762,0.2184,0.2235,0.8382,0.9144,-7.8,-9.6,1.014936923980713,27.450000762939453,43.0,20.0
grmesa,2020-02-26 17:40:39+00:00,2020-03-12 18:16:50+00:00,622:CO:SNTL,0.38165605,15,10.6,0.0152,-0.0508,0.2235,0.2388,0.9144,0.8636,-9.6,1.0,1.014936923980713,27.450000762939453,43.0,20.0
grmesa,2021-01-27 19:47:02+00:00,2021-02-03 23:50:19+00:00,622:CO:SNTL,0.43914738,7,-1.8,0.033,0.1524,0.1219,0.1549,0.635,0.7874,-9.0,-10.8,1.014936923980713,27.450000762939453,43.0,20.0
grmesa,2021-02-03 23:50:36+00:00,2021-02-10 19:12:27+00:00,622:CO:SNTL,0.59178585,6,6.6,0.0102,0.0508,0.1549,0.1651,0.7874,0.8382,-10.8,-4.2,1.014936923980713,27.450000762939453,43.0,20.0
grmesa,2021-02-10 19:12:13+00:00,2021-03-03 22:03:01+00:00,622:CO:SNTL,0.43676132,21,1.3,0.066,0.0762,0.1651,0.2311,0.8382,0.9144,-4.2,-2.9,1.014936923980713,27.450000762939453,43.0,20.0
grmesa,2021-03-03 22:03:00+00:00,2021-03-10 16:36:09+00:00,622:CO:SNTL,0.3643948,6,-3.2,0.0152,0.0,0.2311,0.2464,0.9144,0.9144,-2.9,-6.1,1.014936923980713,27.450000762939453,43.0,20.0
grmesa,2021-03-10 16:36:24+00:00,2021-03-16 16:39:43+00:00,622:CO:SNTL,0.4899839,6,2.0,0.0432,0.3302,0.2464,0.2896,0.9144,1.2446,-6.1,-4.1,1.014936923980713,27.450000762939453,43.0,20.0
grmesa,2021-03-16 16:39:43+00:00,2021-03-22 15:30:53+00:00,622:CO:SNTL,0.5633282,5,-1.1,0.0178,-0.1016,0.2896,0.3073,1.2446,1.143,-4.1,-5.2,1.014936923980713,27.450000762939453,43.0,20.0
irnton,2021-01-15 16:52:53+00:00,2021-01-21 01:04:16+00:00,538:CO:SNTL,0.48612878,5,2.5,0.0051,0.0254,0.1372,0.1422,0.635,0.6604,-7.0,-4.5,0.981680154800415,26.0,90.0,12.0
irnton,2021-01-15 16:52:53+00:00,2021-01-21 01:04:16+00:00,632:CO:SNTL,0.7340753,5,-4.4,0.0025,0.0508,0.1575,0.16,0.635,0.6858,-1.6,-6.0,0.666389524936676,33.25,42.0,12.0
irnton,2021-01-15 16:52:53+00:00,2021-01-21 01:04:16+00:00,629:CO:SNTL,0.68435454,5,-4.2,0.0076,0.0508,0.1575,0.1651,0.635,0.6858,-2.2,-6.4,1.0569860935211182,30.08333396911621,42.0,12.0
irnton,2021-01-15 16:52:53+00:00,2021-01-21 01:04:16+00:00,713:CO:SNTL,0.7727887,5,-1.4,0.0051,0.0508,0.2261,0.2311,0.8636,0.9144,-5.1,-6.5,1.0621488094329834,32.5,42.0,12.0
irnton,2021-01-21 01:04:17+00:00,2021-01-28 01:27:32+00:00,538:CO:SNTL,0.43704912,7,3.7,0.0305,0.2032,0.1422,0.1727,0.6604,0.8636,-4.5,-0.8,0.981680154800415,26.0,90.0,12.0
irnton,2021-01-21 01:04:17+00:00,2021-01-28 01:27:32+00:00,632:CO:SNTL,0.47544846,7,2.9,0.0483,0.381,0.16,0.2083,0.6858,1.0668,-6.0,-3.1,0.666389524936676,33.25,42.0,12.0
irnton,2021-01-21 01:04:17+00:00,2021-01-28 01:27:32+00:00,629:CO:SNTL,0.3736246,7,1.7,0.0381,0.3302,0.1651,0.2032,0.6858,1.016,-6.4,-4.7,1.0569860935211182,30.08333396911621,42.0,12.0
irnton,2021-01-21 01:04:17+00:00,2021-01-28 01:27:32+00:00,713:CO:SNTL,0.35359946,7,2.3,0.0533,0.3302,0.2311,0.2845,0.9144,1.2446,-6.5,-4.2,1.0621488094329834,32.5,42.0,12.0
irnton,2021-01-28 01:27:32+00:00,2021-02-04 00:20:21+00:00,538:CO:SNTL,0.34486148,6,-8.6,0.0229,0.0762,0.1727,0.1956,0.8636,0.9398,-0.8,-9.4,0.981680154800415,26.0,90.0,12.0
irnton,2021-01-28 01:27:32+00:00,2021-02-04 00:20:21+00:00,632:CO:SNTL,0.36379024,6,-6.0,0.0229,-0.1016,0.2083,0.2311,1.0668,0.9652,-3.1,-9.1,0.666389524936676,33.25,42.0,12.0
irnton,2021-01-28 01:27:32+00:00,2021-02-04 00:20:21+00:00,629:CO:SNTL,0.36430478,6,-5.1,0.0152,-0.1016,0.2032,0.2184,1.016,0.9144,-4.7,-9.8,1.0569860935211182,30.08333396911621,42.0,12.0
irnton,2021-01-28 01:27:32+00:00,2021-02-04 00:20:21+00:00,713:CO:SNTL,0.34428504,6,-6.5,0.0305,0.1016,0.2845,0.315,1.2446,1.3462,-4.2,-10.7,1.0621488094329834,32.5,42.0,12.0
irnton,2021-02-04 00:20:08+00:00,2021-02-11 00:25:24+00:00,538:CO:SNTL,0.3990331,7,5.8,0.0102,-0.0508,0.1956,0.2057,0.9398,0.889,-9.4,-3.6,0.981680154800415,26.0,90.0,12.0
irnton,2021-02-04 00:20:08+00:00,2021-02-11 00:25:24+00:00,632:CO:SNTL,0.48725116,7,4.0,0.0102,0.0254,0.2311,0.2413,0.9652,0.9906,-9.1,-5.1,0.666389524936676,33.25,42.0,12.0
irnton,2021-02-04 00:20:08+00:00,2021-02-11 00:25:24+00:00,629:CO:SNTL,0.5201316,7,4.1,0.0102,0.0,0.2184,0.2286,0.9144,0.9144,-9.8,-5.7,1.0569860935211182,30.08333396911621,42.0,12.0
irnton,2021-02-04 00:20:08+00:00,2021-02-11 00:25:24+00:00,713:CO:SNTL,0.47071624,7,5.6,0.0152,-0.1016,0.315,0.3302,1.3462,1.2446,-10.7,-5.1,1.0621488094329834,32.5,42.0,12.0
irnton,2021-02-11 00:25:24+00:00,2021-02-23 23:32:46+00:00,538:CO:SNTL,0.52984786,12,-1.3,0.0406,0.127,0.2057,0.2464,0.889,1.016,-3.6,-4.9,0.981680154800415,26.0,90.0,12.0
irnton,2021-02-11 00:25:24+00:00,2021-02-23 23:32:46+00:00,632:CO:SNTL,0.4192772,12,-0.9,0.0483,0.127,0.2413,0.2896,0.9906,1.1176,-5.1,-6.0,0.666389524936676,33.25,42.0,12.0
irnton,2021-02-11 00:25:24+00:00,2021-02-23 23:32:46+00:00,629:CO:SNTL,0.4711182,12,-0.2,0.0432,0.127,0.2286,0.2718,0.9144,1.0414,-5.7,-5.9,1.0569860935211182,30.08333396911621,42.0,12.0
irnton,2021-02-11 00:25:24+00:00,2021-02-23 23:32:46+00:00,713:CO:SNTL,0.39723495,12,-1.7,0.0737,0.254,0.3302,0.4039,1.2446,1.4986,-5.1,-6.8,1.0621488094329834,32.5,42.0,12.0
irnton,2021-02-23 23:32:46+00:00,2021-03-03 22:31:52+00:00,538:CO:SNTL,0.6366974,7,3.0,0.0025,-0.0508,0.2464,0.2489,1.016,0.9652,-4.9,-1.9,0.981680154800415,26.0,90.0,12.0
irnton,2021-02-23 23:32:46+00:00,2021-03-03 22:31:52+00:00,632:CO:SNTL,0.6477305,7,2.5,0.0051,0.1016,0.2896,0.2946,1.1176,1.2192,-6.0,-3.5,0.666389524936676,33.25,42.0,12.0
irnton,2021-02-23 23:32:46+00:00,2021-03-03 22:31:52+00:00,629:CO:SNTL,0.6812578,7,3.2,0.0025,0.0508,0.2718,0.2743,1.0414,1.0922,-5.9,-2.7,1.0569860935211182,30.08333396911621,42.0,12.0
irnton,2021-02-23 23:32:46+00:00,2021-03-03 22:31:52+00:00,713:CO:SNTL,0.5823999,7,2.1,0.0051,0.0508,0.4039,0.4089,1.4986,1.5494,-6.8,-4.7,1.0621488094329834,32.5,42.0,12.0
irnton,2021-03-03 22:31:52+00:00,2021-03-10 21:59:12+00:00,538:CO:SNTL,0.56351286,6,-1.5,0.0152,0.0254,0.2489,0.2642,0.9652,0.9906,-1.9,-3.4,0.981680154800415,26.0,90.0,12.0
irnton,2021-03-03 22:31:52+00:00,2021-03-10 21:59:12+00:00,632:CO:SNTL,0.43816164,6,-1.6,0.0254,0.0,0.2946,0.32,1.2192,1.2192,-3.5,-5.1,0.666389524936676,33.25,42.0,12.0
irnton,2021-03-03 22:31:52+00:00,2021-03-10 21:59:12+00:00,629:CO:SNTL,0.46004632,6,-1.1,0.0178,0.0,0.2743,0.2921,1.0922,1.0922,-2.7,-3.8,1.0569860935211182,30.08333396911621,42.0,12.0
irnton,2021-03-03 22:31:52+00:00,2021-03-10 21:59:12+00:00,713:CO:SNTL,0.37436017,6,-1.8,0.0254,-0.0254,0.4089,0.4343,1.5494,1.524,-4.7,-6.5,1.0621488094329834,32.5,42.0,12.0
irnton,2021-03-10 21:59:23+00:00,2021-03-16 22:24:23+00:00,538:CO:SNTL,0.6263633,6,-0.5,0.0279,0.2286,0.2642,0.2921,0.9906,1.2192,-3.4,-3.9,0.981680154800415,26.0,90.0,12.0
irnton,2021-03-10 21:59:23+00:00,2021-03-16 22:24:23+00:00,632:CO:SNTL,0.69685507,6,-0.1,0.0127,0.0254,0.32,0.3327,1.2192,1.2446,-5.1,-5.2,0.666389524936676,33.25,42.0,12.0
irnton,2021-03-10 21:59:23+00:00,2021-03-16 22:24:23+00:00,629:CO:SNTL,0.4794362,6,-1.7,0.0279,0.1524,0.2921,0.32,1.0922,1.2446,-3.8,-5.5,1.0569860935211182,30.08333396911621,42.0,12.0
irnton,2021-03-10 21:59:23+00:00,2021-03-16 22:24:23+00:00,713:CO:SNTL,0.3630978,6,0.4,0.0483,0.2794,0.4343,0.4826,1.524,1.8034,-6.5,-6.1,1.0621488094329834,32.5,42.0,12.0
irnton,2021-03-16 22:24:11+00:00,2021-03-22 20:23:07+00:00,538:CO:SNTL,0.53152525,5,-0.5,0.0051,-0.127,0.2921,0.2972,1.2192,1.0922,-3.9,-4.4,0.981680154800415,26.0,90.0,12.0
irnton,2021-03-16 22:24:11+00:00,2021-03-22 20:23:07+00:00,632:CO:SNTL,0.53665996,5,0.0,0.0254,-0.0762,0.3327,0.3581,1.2446,1.1684,-5.2,-5.2,0.666389524936676,33.25,42.0,12.0
irnton,2021-03-16 22:24:11+00:00,2021-03-22 20:23:07+00:00,629:CO:SNTL,0.43800342,5,0.6,0.0178,-0.1016,0.32,0.3378,1.2446,1.143,-5.5,-4.9,1.0569860935211182,30.08333396911621,42.0,12.0
irnton,2021-03-16 22:24:11+00:00,2021-03-22 20:23:07+00:00,713:CO:SNTL,0.4102032,5,-1.0,0.0127,-0.127,0.4826,0.4953,1.8034,1.6764,-6.1,-7.1,1.0621488094329834,32.5,42.0,12.0
lowman,2019-12-20 19:31:07+00:00,2020-01-31 21:30:13+00:00,312:ID:SNTL,0.35260954,42,1.3,0.2184,0.8128,0.1372,0.3556,0.5334,1.3462,-1.4,-0.1,0.8836349248886108,26.266666412353516,42.0,15.0
lowman,2019-12-20 19:31:07+00:00,2020-01-31 21:30:13+00:00,978:ID:SNTL,0.31877857,42,2.1,0.2464,0.762,0.1245,0.3708,0.508,1.27,2.5,4.6,0.9536106586456299,11.916666984558105,52.0,12.0
lowman,2019-12-20 19:31:07+00:00,2020-01-31 21:30:13+00:00,637:ID:SNTL,0.32800296,42,0.9,0.3302,0.9906,0.1524,0.4826,0.7366,1.7272,0.2,1.1,1.0798975229263306,28.33333396911621,42.0,12.0
lowman,2019-12-20 19:31:07+00:00,2020-01-31 21:30:13+00:00,550:ID:SNTL,,42,0.7,0.2718,0.9906,0.1448,0.4166,0.5588,1.5494,1.1,1.8,,27.75,42.0,0.0
lowman,2020-01-31 21:30:00+00:00,2020-02-13 20:47:30+00:00,312:ID:SNTL,0.29453695,12,-5.6,0.0457,0.0254,0.3556,0.4013,1.3462,1.3716,-0.1,-5.7,0.8836349248886108,26.266666412353516,42.0,15.0
lowman,2020-01-31 21:30:00+00:00,2020-02-13 20:47:30+00:00,978:ID:SNTL,0.33168194,12,-7.4,0.0914,0.1778,0.3708,0.4623,1.27,1.4478,4.6,-2.8,0.9536106586456299,11.916666984558105,52.0,12.0
lowman,2020-01-31 21:30:00+00:00,2020-02-13 20:47:30+00:00,637:ID:SNTL,0.33661857,12,-4.7,0.0635,0.0254,0.4826,0.5461,1.7272,1.7526,1.1,-3.6,1.0798975229263306,28.33333396911621,42.0,12.0
lowman,2020-01-31 21:30:00+00:00,2020-02-13 20:47:30+00:00,550:ID:SNTL,,12,-5.5,0.0406,-0.1016,0.4166,0.4572,1.5494,1.4478,1.8,-3.7,,27.75,42.0,0.0
lowman,2020-02-13 20:47:43+00:00,2020-02-21 01:53:17+00:00,312:ID:SNTL,0.49746403,7,-2.6,0.0152,0.0254,0.4013,0.4166,1.3716,1.397,-5.7,-8.3,0.8836349248886108,26.266666412353516,42.0,15.0
lowman,2020-02-13 20:47:43+00:00,2020-02-21 01:53:17+00:00,978:ID:SNTL,0.43418857,7,2.1,0.0356,0.1524,0.4623,0.4978,1.4478,1.6002,-2.8,-0.7,0.9536106586456299,11.916666984558105,52.0,12.0
lowman,2020-02-13 20:47:43+00:00,2020-02-21 01:53:17+00:00,637:ID:SNTL,0.43422055,7,0.1,0.033,0.1524,0.5461,0.5791,1.7526,1.905,-3.6,-3.5,1.0798975229263306,28.33333396911621,42.0,12.0
lowman,2020-02-13 20:47:43+00:00,2020-02-21 01:53:17+00:00,550:ID:SNTL,,7,2.2,0.0229,0.127,0.4572,0.4801,1.4478,1.5748,-3.7,-1.5,,27.75,42.0,0.0
lowman,2020-02-21 01:53:17+00:00,2020-03-11 17:45:46+00:00,312:ID:SNTL,0.44921637,19,6.5,0.0229,-0.0762,0.4166,0.4394,1.397,1.3208,-8.3,-1.8,0.8836349248886108,26.266666412353516,42.0,15.0
lowman,2020-02-21 01:53:17+00:00,2020-03-11 17:45:46+00:00,978:ID:SNTL,0.42531666,19,3.7,0.0203,-0.1524,0.4978,0.5182,1.6002,1.4478,-0.7,3.0,0.9536106586456299,11.916666984558105,52.0,12.0
lowman,2020-02-21 01:53:17+00:00,2020-03-11 17:45:46+00:00,637:ID:SNTL,0.3808607,19,4.7,0.0279,-0.254,0.5791,0.6071,1.905,1.651,-3.5,1.2,1.0798975229263306,28.33333396911621,42.0,12.0
lowman,2020-02-21 01:53:17+00:00,2020-03-11 17:45:46+00:00,550:ID:SNTL,,19,2.6,0.0279,-0.127,0.4801,0.508,1.5748,1.4478,-1.5,1.1,,27.75,42.0,0.0
lowman,2021-01-15 19:50:49+00:00,2021-01-20 21:20:42+00:00,312:ID:SNTL,0.70675665,5,1.9,0.0051,-0.0508,0.32,0.3251,1.2954,1.2446,-6.7,-4.8,0.8836349248886108,26.266666412353516,42.0,15.0
lowman,2021-01-15 19:50:49+00:00,2021-01-20 21:20:42+00:00,978:ID:SNTL,0.70575833,5,-2.8,0.0,-0.0762,0.3683,0.3683,1.27,1.1938,1.7,-1.1,0.9536106586456299,11.916666984558105,52.0,12.0
lowman,2021-01-15 19:50:49+00:00,2021-01-20 21:20:42+00:00,637:ID:SNTL,0.61301965,5,-1.0,0.0025,-0.127,0.4191,0.4216,1.524,1.397,-2.1,-3.1,1.0798975229263306,28.33333396911621,42.0,12.0
lowman,2021-01-15 19:50:49+00:00,2021-01-20 21:20:42+00:00,550:ID:SNTL,,5,-2.8,0.0051,-0.0762,0.3581,0.3632,1.3462,1.27,0.3,-2.5,,27.75,42.0,0.0
lowman,2021-01-20 21:20:42+00:00,2021-01-27 23:54:42+00:00,312:ID:SNTL,0.68356675,7,0.4,0.0152,0.1778,0.3251,0.3404,1.2446,1.4224,-4.8,-4.4,0.8836349248886108,26.266666412353516,42.0,15.0
lowman,2021-01-20 21:20:42+00:00,2021-01-27 23:54:42+00:00,978:ID:SNTL,0.53694516,7,0.0,0.033,0.1778,0.3683,0.4013,1.1938,1.3716,-1.1,-1.1,0.9536106586456299,11.916666984558105,52.0,12.0
lowman,2021-01-20 21:20:42+00:00,2021-01-27 23:54:42+00:00,637:ID:SNTL,0.5561065,7,0.3,0.0178,0.127,0.4216,0.4394,1.397,1.524,-3.1,-2.8,1.0798975229263306,28.33333396911621,42.0,12.0
lowman,2021-01-20 21:20:42+00:00,2021-01-27 23:54:42+00:00,550:ID:SNTL,,7,0.3,0.0178,0.1016,0.3632,0.381,1.27,1.3716,-2.5,-2.2,,27.75,42.0,0.0
lowman,2021-01-27 23:54:25+00:00,2021-02-03 19:54:44+00:00,312:ID:SNTL,0.4853296,6,-3.2,0.0432,0.1524,0.3404,0.3835,1.4224,1.5748,-4.4,-7.6,0.8836349248886108,26.266666412353516,42.0,15.0
lowman,2021-01-27 23:54:25+00:00,2021-02-03 19:54:44+00:00,978:ID:SNTL,0.51890355,6,-3.5,0.0432,0.127,0.4013,0.4445,1.3716,1.4986,-1.1,-4.6,0.9536106586456299,11.916666984558105,52.0,12.0
lowman,2021-01-27 23:54:25+00:00,2021-02-03 19:54:44+00:00,637:ID:SNTL,0.45875302,6,-3.1,0.0406,0.2286,0.4394,0.4801,1.524,1.7526,-2.8,-5.9,1.0798975229263306,28.33333396911621,42.0,12.0
lowman,2021-01-27 23:54:25+00:00,2021-02-03 19:54:44+00:00,550:ID:SNTL,,6,-3.4,0.0457,0.2032,0.381,0.4267,1.3716,1.5748,-2.2,-5.6,,27.75,42.0,0.0
lowman,2021-01-27 23:54:41+00:00,2021-02-03 19:55:00+00:00,312:ID:SNTL,0.4980095,6,-3.2,0.0432,0.1524,0.3404,0.3835,1.4224,1.5748,-4.4,-7.6,0.8836349248886108,26.266666412353516,42.0,15.0
lowman,2021-01-27 23:54:41+00:00,2021-02-03 19:55:00+00:00,978:ID:SNTL,0.5123525,6,-3.5,0.0432,0.127,0.4013,0.4445,1.3716,1.4986,-1.1,-4.6,0.9536106586456299,11.916666984558105,52.0,12.0
lowman,2021-01-27 23:54:41+00:00,2021-02-03 19:55:00+00:00,637:ID:SNTL,0.43307313,6,-3.1,0.0406,0.2286,0.4394,0.4801,1.524,1.7526,-2.8,-5.9,1.0798975229263306,28.33333396911621,42.0,12.0
lowman,2021-01-27 23:54:41+00:00,2021-02-03 19:55:00+00:00,550:ID:SNTL,,6,-3.4,0.0457,0.2032,0.381,0.4267,1.3716,1.5748,-2.2,-5.6,,27.75,42.0,0.0
lowman,2021-02-03 19:54:46+00:00,2021-02-10 22:20:30+00:00,312:ID:SNTL,0.51585907,7,0.9,0.0127,-0.127,0.3835,0.3962,1.5748,1.4478,-7.6,-6.7,0.8836349248886108,26.266666412353516,42.0,15.0
lowman,2021-02-03 19:54:46+00:00,2021-02-10 22:20:30+00:00,978:ID:SNTL,0.5888439,7,2.4,0.0127,-0.0762,0.4445,0.4572,1.4986,1.4224,-4.6,-2.2,0.9536106586456299,11.916666984558105,52.0,12.0
lowman,2021-02-03 19:54:46+00:00,2021-02-10 22:20:30+00:00,637:ID:SNTL,0.46866238,7,1.5,0.0178,-0.127,0.4801,0.4978,1.7526,1.6256,-5.9,-4.4,1.0798975229263306,28.33333396911621,42.0,12.0
lowman,2021-02-03 19:54:46+00:00,2021-02-10 22:20:30+00:00,550:ID:SNTL,,7,1.6,0.0152,-0.0762,0.4267,0.442,1.5748,1.4986,-5.6,-4.0,,27.75,42.0,0.0
lowman,2021-02-03 19:54:58+00:00,2021-02-10 22:20:42+00:00,312:ID:SNTL,0.5096314,7,0.9,0.0127,-0.127,0.3835,0.3962,1.5748,1.4478,-7.6,-6.7,0.8836349248886108,26.266666412353516,42.0,15.0
lowman,2021-02-03 19:54:58+00:00,2021-02-10 22:20:42+00:00,978:ID:SNTL,0.60670215,7,2.4,0.0127,-0.0762,0.4445,0.4572,1.4986,1.4224,-4.6,-2.2,0.9536106586456299,11.916666984558105,52.0,12.0
lowman,2021-02-03 19:54:58+00:00,2021-02-10 22:20:42+00:00,637:ID:SNTL,0.4918342,7,1.5,0.0178,-0.127,0.4801,0.4978,1.7526,1.6256,-5.9,-4.4,1.0798975229263306,28.33333396911621,42.0,12.0
lowman,2021-02-03 19:54:58+00:00,2021-02-10 22:20:42+00:00,550:ID:SNTL,,7,1.6,0.0152,-0.0762,0.4267,0.442,1.5748,1.4986,-5.6,-4.0,,27.75,42.0,0.0
lowman,2021-02-03 20:16:35+00:00,2021-02-10 23:06:23+00:00,312:ID:SNTL,0.43957838,7,2.6,0.0127,-0.0762,0.3835,0.3962,1.524,1.4478,-9.3,-6.7,1.1559251546859741,26.266666412353516,42.0,15.0
lowman,2021-02-03 20:16:35+00:00,2021-02-10 23:06:23+00:00,978:ID:SNTL,0.48591623,7,2.5,0.0102,-0.1016,0.447,0.4572,1.524,1.4224,-4.7,-2.2,1.1709438562393188,11.916666984558105,52.0,12.0
lowman,2021-02-03 20:16:35+00:00,2021-02-10 23:06:23+00:00,637:ID:SNTL,0.60253197,7,2.0,0.0152,-0.0762,0.4826,0.4978,1.7018,1.6256,-6.4,-4.4,0.8883660435676575,28.33333396911621,42.0,12.0
lowman,2021-02-03 20:16:35+00:00,2021-02-10 23:06:23+00:00,550:ID:SNTL,0.5531824,7,2.3,0.0127,-0.0762,0.4293,0.442,1.5748,1.4986,-6.3,-4.0,0.7691056132316589,27.75,42.0,12.0
lowman,2021-02-10 22:20:30+00:00,2021-03-03 18:08:07+00:00,312:ID:SNTL,0.47208962,20,2.5,0.1092,0.2794,0.3962,0.5055,1.4478,1.7272,-6.7,-4.2,0.8836349248886108,26.266666412353516,42.0,15.0
lowman,2021-02-10 22:20:30+00:00,2021-03-03 18:08:07+00:00,978:ID:SNTL,0.39659366,20,5.7,0.1499,0.5334,0.4572,0.6071,1.4224,1.9558,-2.2,3.5,0.9536106586456299,11.916666984558105,52.0,12.0
lowman,2021-02-10 22:20:30+00:00,2021-03-03 18:08:07+00:00,637:ID:SNTL,0.36741242,20,5.2,0.1727,0.5334,0.4978,0.6706,1.6256,2.159,-4.4,0.8,1.0798975229263306,28.33333396911621,42.0,12.0
lowman,2021-02-10 22:20:30+00:00,2021-03-03 18:08:07+00:00,550:ID:SNTL,,20,5.7,0.1372,0.4572,0.442,0.5791,1.4986,1.9558,-4.0,1.7,,27.75,42.0,0.0
lowman,2021-02-10 23:06:35+00:00,2021-03-03 18:28:51+00:00,312:ID:SNTL,0.45831567,20,2.5,0.1092,0.2794,0.3962,0.5055,1.4478,1.7272,-6.7,-4.2,1.1559251546859741,26.266666412353516,42.0,15.0
lowman,2021-02-10 23:06:35+00:00,2021-03-03 18:28:51+00:00,978:ID:SNTL,0.33113864,20,5.7,0.1499,0.5334,0.4572,0.6071,1.4224,1.9558,-2.2,3.5,1.1709438562393188,11.916666984558105,52.0,12.0
lowman,2021-02-10 23:06:35+00:00,2021-03-03 18:28:51+00:00,637:ID:SNTL,0.3519849,20,5.2,0.1727,0.5334,0.4978,0.6706,1.6256,2.159,-4.4,0.8,0.8883660435676575,28.33333396911621,42.0,12.0
lowman,2021-02-10 23:06:35+00:00,2021-03-03 18:28:51+00:00,550:ID:SNTL,0.49827257,20,5.7,0.1372,0.4572,0.442,0.5791,1.4986,1.9558,-4.0,1.7,0.7691056132316589,27.75,42.0,12.0
lowman,2021-03-03 18:08:07+00:00,2021-03-10 17:42:43+00:00,312:ID:SNTL,0.4826968,6,-5.3,0.0152,-0.0762,0.5055,0.5207,1.7272,1.651,-4.2,-9.5,0.8836349248886108,26.266666412353516,42.0,15.0
lowman,2021-03-03 18:08:07+00:00,2021-03-10 17:42:43+00:00,978:ID:SNTL,0.5532341,6,-5.5,0.0102,-0.1524,0.6071,0.6172,1.9558,1.8034,3.5,-2.0,0.9536106586456299,11.916666984558105,52.0,12.0
lowman,2021-03-03 18:08:07+00:00,2021-03-10 17:42:43+00:00,637:ID:SNTL,0.55816025,6,-5.6,0.0127,-0.1778,0.6706,0.6833,2.159,1.9812,0.8,-4.8,1.0798975229263306,28.33333396911621,42.0,12.0
lowman,2021-03-03 18:08:07+00:00,2021-03-10 17:42:43+00:00,550:ID:SNTL,,6,-5.8,0.0102,-0.1524,0.5791,0.5893,1.9558,1.8034,1.7,-4.1,,27.75,42.0,0.0
lowman,2021-03-03 18:28:51+00:00,2021-03-10 18:03:24+00:00,312:ID:SNTL,0.5186824,6,-5.3,0.0152,-0.0762,0.5055,0.5207,1.7272,1.651,-4.2,-9.5,1.1559251546859741,26.266666412353516,42.0,15.0
lowman,2021-03-03 18:28:51+00:00,2021-03-10 18:03:24+00:00,978:ID:SNTL,0.497319,6,-5.5,0.0102,-0.1524,0.6071,0.6172,1.9558,1.8034,3.5,-2.0,1.1709438562393188,11.916666984558105,52.0,12.0
lowman,2021-03-03 18:28:51+00:00,2021-03-10 18:03:24+00:00,637:ID:SNTL,0.5718518,6,-5.6,0.0127,-0.1778,0.6706,0.6833,2.159,1.9812,0.8,-4.8,0.8883660435676575,28.33333396911621,42.0,12.0
lowman,2021-03-03 18:28:51+00:00,2021-03-10 18:03:24+00:00,550:ID:SNTL,0.6780486,6,-5.8,0.0102,-0.1524,0.5791,0.5893,1.9558,1.8034,1.7,-4.1,0.7691056132316589,27.75,42.0,12.0
lowman,2021-03-10 17:42:56+00:00,2021-03-16 17:49:40+00:00,312:ID:SNTL,0.5398027,6,9.6,0.0,-0.127,0.5207,0.5207,1.651,1.524,-9.5,0.1,0.8836349248886108,26.266666412353516,42.0,15.0
lowman,2021-03-10 17:42:56+00:00,2021-03-16 17:49:40+00:00,978:ID:SNTL,0.61361897,6,4.3,0.0,-0.1016,0.6172,0.6172,1.8034,1.7018,-2.0,2.3,0.9536106586456299,11.916666984558105,52.0,12.0
lowman,2021-03-10 17:42:56+00:00,2021-03-16 17:49:40+00:00,637:ID:SNTL,0.48545337,6,7.4,0.0,-0.127,0.6833,0.6833,1.9812,1.8542,-4.8,2.6,1.0798975229263306,28.33333396911621,42.0,12.0
lowman,2021-03-10 17:42:56+00:00,2021-03-16 17:49:40+00:00,550:ID:SNTL,,6,6.4,0.0,-0.1016,0.5893,0.5893,1.8034,1.7018,-4.1,2.3,,27.75,42.0,0.0
lowman,2021-03-10 18:03:24+00:00,2021-03-16 18:09:44+00:00,312:ID:SNTL,0.40447062,6,9.6,0.0,-0.127,0.5207,0.5207,1.651,1.524,-9.5,0.1,1.1559251546859741,26.266666412353516,42.0,15.0
lowman,2021-03-10 18:03:24+00:00,2021-03-16 18:09:44+00:00,978:ID:SNTL,0.60251075,6,4.3,0.0,-0.1016,0.6172,0.6172,1.8034,1.7018,-2.0,2.3,1.1709438562393188,11.916666984558105,52.0,12.0
lowman,2021-03-10 18:03:24+00:00,2021-03-16 18:09:44+00:00,637:ID:SNTL,0.5477709,6,7.4,0.0,-0.127,0.6833,0.6833,1.9812,1.8542,-4.8,2.6,0.8883660435676575,28.33333396911621,42.0,12.0
lowman,2021-03-10 18:03:24+00:00,2021-03-16 18:09:44+00:00,550:ID:SNTL,0.6076018,6,6.4,0.0,-0.1016,0.5893,0.5893,1.8034,1.7018,-4.1,2.3,0.7691056132316589,27.75,42.0,12.0
lowman,2021-03-16 17:49:40+00:00,2021-03-22 16:39:43+00:00,312:ID:SNTL,0.37621775,5,-5.4,0.0279,0.0254,0.5207,0.5486,1.524,1.5494,0.1,-5.3,0.8836349248886108,26.266666412353516,42.0,15.0
lowman,2021-03-16 17:49:40+00:00,2021-03-22 16:39:43+00:00,978:ID:SNTL,0.39813778,5,-4.2,0.0102,-0.0762,0.6172,0.6274,1.7018,1.6256,2.3,-1.9,0.9536106586456299,11.916666984558105,52.0,12.0
lowman,2021-03-16 17:49:40+00:00,2021-03-22 16:39:43+00:00,637:ID:SNTL,0.39734468,5,-5.6,0.0203,-0.1016,0.6833,0.7036,1.8542,1.7526,2.6,-3.0,1.0798975229263306,28.33333396911621,42.0,12.0
lowman,2021-03-16 17:49:40+00:00,2021-03-22 16:39:43+00:00,550:ID:SNTL,,5,-5.3,0.0203,-0.0508,0.5893,0.6096,1.7018,1.651,2.3,-3.0,,27.75,42.0,0.0
lowman,2021-03-16 18:09:32+00:00,2021-03-22 16:58:37+00:00,312:ID:SNTL,0.30842546,5,-5.4,0.0279,0.0254,0.5207,0.5486,1.524,1.5494,0.1,-5.3,1.1559251546859741,26.266666412353516,42.0,15.0
lowman,2021-03-16 18:09:32+00:00,2021-03-22 16:58:37+00:00,978:ID:SNTL,0.35384393,5,-4.2,0.0102,-0.0762,0.6172,0.6274,1.7018,1.6256,2.3,-1.9,1.1709438562393188,11.916666984558105,52.0,12.0
lowman,2021-03-16 18:09:32+00:00,2021-03-22 16:58:37+00:00,637:ID:SNTL,0.34664974,5,-5.6,0.0203,-0.1016,0.6833,0.7036,1.8542,1.7526,2.6,-3.0,0.8883660435676575,28.33333396911621,42.0,12.0
lowman,2021-03-16 18:09:32+00:00,2021-03-22 16:58:37+00:00,550:ID:SNTL,0.4424288,5,-5.3,0.0203,-0.0508,0.5893,0.6096,1.7018,1.651,2.3,-3.0,0.7691056132316589,27.75,42.0,12.0
peeler,2019-12-20 20:57:18+00:00,2020-02-12 16:37:56+00:00,380:CO:SNTL,0.3847725,53,-6.2,0.0914,0.381,0.1245,0.2159,0.6096,0.9906,-3.0,-9.2,1.1423192024230957,27.41666603088379,42.0,12.0
peeler,2019-12-20 20:57:18+00:00,2020-02-12 16:37:56+00:00,737:CO:SNTL,0.36127356,53,-6.4,0.2311,0.7874,0.2794,0.5105,1.0922,1.8796,-4.8,-11.2,1.2286731004714966,43.25,42.0,12.0
peeler,2020-02-12 16:37:57+00:00,2020-02-19 17:02:45+00:00,380:CO:SNTL,0.5319926,7,3.6,0.0203,0.0508,0.2159,0.2362,0.9906,1.0414,-9.2,-5.6,1.1423192024230957,27.41666603088379,42.0,12.0
peeler,2020-02-12 16:37:57+00:00,2020-02-19 17:02:45+00:00,737:CO:SNTL,0.41730788,7,4.3,0.0229,-0.0508,0.5105,0.5334,1.8796,1.8288,-11.2,-6.9,1.2286731004714966,43.25,42.0,12.0
peeler,2020-02-19 17:02:45+00:00,2020-02-26 17:25:09+00:00,380:CO:SNTL,0.49062803,7,-4.1,0.0127,0.0254,0.2362,0.2489,1.0414,1.0668,-5.6,-9.7,1.1423192024230957,27.41666603088379,42.0,12.0
peeler,2020-02-19 17:02:45+00:00,2020-02-26 17:25:09+00:00,737:CO:SNTL,0.45059726,7,-4.4,0.0305,0.0508,0.5334,0.5639,1.8288,1.8796,-6.9,-11.3,1.2286731004714966,43.25,42.0,12.0
peeler,2020-02-26 17:24:55+00:00,2020-03-12 18:53:01+00:00,380:CO:SNTL,0.30954653,15,11.2,0.0406,0.0,0.2489,0.2896,1.0668,1.0668,-9.7,1.5,1.1423192024230957,27.41666603088379,42.0,12.0
peeler,2020-02-26 17:24:55+00:00,2020-03-12 18:53:01+00:00,737:CO:SNTL,0.29693988,15,11.4,0.0813,0.0254,0.5639,0.6452,1.8796,1.905,-11.3,0.1,1.2286731004714966,43.25,42.0,12.0
rockmt,2020-02-01 01:15:13+00:00,2020-02-12 17:27:06+00:00,870:CO:SNTL,0.4847504,11,-9.9,0.0787,0.4318,0.3073,0.3861,1.0922,1.524,-2.1,-12.0,1.1233562231063843,44.25,42.0,12.0
rockmt,2020-02-01 01:15:13+00:00,2020-02-12 17:27:06+00:00,551:CO:SNTL,0.47951743,11,-9.9,0.1118,0.5334,0.2616,0.3734,1.143,1.6764,-1.2,-11.1,0.9470073580741882,27.0,42.0,12.0
rockmt,2020-02-01 01:15:13+00:00,2020-02-12 17:27:06+00:00,1123:CO:SNTL,0.4089867,11,-6.8,0.066,0.381,0.2819,0.348,1.0668,1.4478,-4.2,-11.0,1.2569371461868286,40.75,42.0,16.0
rockmt,2020-02-01 01:15:13+00:00,2020-02-12 17:27:06+00:00,688:CO:SNTL,0.40391618,11,-7.3,0.0711,0.381,0.1905,0.2616,0.8636,1.2446,-2.8,-10.1,0.5724688172340393,44.29999923706055,42.0,20.0
rockmt,2020-02-01 01:15:13+00:00,2020-02-12 17:27:06+00:00,565:CO:SNTL,0.42722288,11,-7.3,0.0965,0.4826,0.3835,0.4801,1.4986,1.9812,-5.1,-12.4,0.8448116183280945,34.099998474121094,42.0,20.0
rockmt,2020-02-12 17:27:06+00:00,2020-02-19 18:01:09+00:00,870:CO:SNTL,0.6026545,7,-1.9,0.033,0.0762,0.3861,0.4191,1.524,1.6002,-12.0,-13.9,1.1233562231063843,44.25,42.0,12.0
rockmt,2020-02-12 17:27:06+00:00,2020-02-19 18:01:09+00:00,551:CO:SNTL,0.43810079,7,-1.4,0.0483,0.127,0.3734,0.4216,1.6764,1.8034,-11.1,-12.5,0.9470073580741882,27.0,42.0,12.0
rockmt,2020-02-12 17:27:06+00:00,2020-02-19 18:01:09+00:00,1123:CO:SNTL,0.48482794,7,-3.3,0.0356,0.127,0.348,0.3835,1.4478,1.5748,-11.0,-14.3,1.2569371461868286,40.75,42.0,16.0
rockmt,2020-02-12 17:27:06+00:00,2020-02-19 18:01:09+00:00,688:CO:SNTL,0.6535297,7,-0.7,0.0178,-0.0254,0.2616,0.2794,1.2446,1.2192,-10.1,-10.8,0.5724688172340393,44.29999923706055,42.0,20.0
rockmt,2020-02-12 17:27:06+00:00,2020-02-19 18:01:09+00:00,565:CO:SNTL,0.617391,7,0.1,0.0381,0.1524,0.4801,0.5182,1.9812,2.1336,-12.4,-12.3,0.8448116183280945,34.099998474121094,42.0,20.0
rockmt,2020-02-12 18:10:13+00:00,2020-02-19 18:42:54+00:00,870:CO:SNTL,0.6462872,7,-1.9,0.033,0.0762,0.3861,0.4191,1.524,1.6002,-12.0,-13.9,0.847499668598175,44.25,42.0,12.0
rockmt,2020-02-12 18:10:13+00:00,2020-02-19 18:42:54+00:00,551:CO:SNTL,0.47296068,7,-1.4,0.0483,0.127,0.3734,0.4216,1.6764,1.8034,-11.1,-12.5,1.0448368787765503,27.0,42.0,12.0
rockmt,2020-02-12 18:10:13+00:00,2020-02-19 18:42:54+00:00,1123:CO:SNTL,0.5812625,7,-3.3,0.0356,0.127,0.348,0.3835,1.4478,1.5748,-11.0,-14.3,0.5916900634765625,40.75,42.0,16.0
rockmt,2020-02-12 18:10:13+00:00,2020-02-19 18:42:54+00:00,688:CO:SNTL,0.4073131,7,-0.7,0.0178,-0.0254,0.2616,0.2794,1.2446,1.2192,-10.1,-10.8,1.1855084896087646,44.29999923706055,42.0,20.0
rockmt,2020-02-12 18:10:13+00:00,2020-02-19 18:42:54+00:00,565:CO:SNTL,0.43894133,7,0.1,0.0381,0.1524,0.4801,0.5182,1.9812,2.1336,-12.4,-12.3,1.1001107692718506,34.099998474121094,42.0,20.0
rockmt,2020-02-19 18:01:09+00:00,2020-02-26 18:24:29+00:00,870:CO:SNTL,0.6538323,7,2.1,0.0229,-0.0254,0.4191,0.442,1.6002,1.5748,-13.9,-11.8,1.1233562231063843,44.25,42.0,12.0
rockmt,2020-02-19 18:01:09+00:00,2020-02-26 18:24:29+00:00,551:CO:SNTL,0.52790767,7,0.8,0.0279,-0.0254,0.4216,0.4496,1.8034,1.778,-12.5,-11.7,0.9470073580741882,27.0,42.0,12.0
rockmt,2020-02-19 18:01:09+00:00,2020-02-26 18:24:29+00:00,1123:CO:SNTL,0.52241796,7,1.6,0.0152,-0.0254,0.3835,0.3988,1.5748,1.5494,-14.3,-12.7,1.2569371461868286,40.75,42.0,16.0
rockmt,2020-02-19 18:01:09+00:00,2020-02-26 18:24:29+00:00,688:CO:SNTL,0.6926125,7,-2.7,0.0102,-0.0508,0.2794,0.2896,1.2192,1.1684,-10.8,-13.5,0.5724688172340393,44.29999923706055,42.0,20.0
rockmt,2020-02-19 18:01:09+00:00,2020-02-26 18:24:29+00:00,565:CO:SNTL,0.6136124,7,-2.6,0.0178,-0.0508,0.5182,0.5359,2.1336,2.0828,-12.3,-14.9,0.8448116183280945,34.099998474121094,42.0,20.0
rockmt,2020-02-19 18:01:20+00:00,2020-02-26 18:24:41+00:00,870:CO:SNTL,0.6730686,7,2.1,0.0229,-0.0254,0.4191,0.442,1.6002,1.5748,-13.9,-11.8,1.1233562231063843,44.25,42.0,12.0
rockmt,2020-02-19 18:01:20+00:00,2020-02-26 18:24:41+00:00,551:CO:SNTL,0.5622239,7,0.8,0.0279,-0.0254,0.4216,0.4496,1.8034,1.778,-12.5,-11.7,0.9470073580741882,27.0,42.0,12.0
rockmt,2020-02-19 18:01:20+00:00,2020-02-26 18:24:41+00:00,1123:CO:SNTL,0.5262105,7,1.6,0.0152,-0.0254,0.3835,0.3988,1.5748,1.5494,-14.3,-12.7,1.2569371461868286,40.75,42.0,16.0
rockmt,2020-02-19 18:01:20+00:00,2020-02-26 18:24:41+00:00,688:CO:SNTL,0.7114796,7,-2.7,0.0102,-0.0508,0.2794,0.2896,1.2192,1.1684,-10.8,-13.5,0.5724688172340393,44.29999923706055,42.0,20.0
rockmt,2020-02-19 18:01:20+00:00,2020-02-26 18:24:41+00:00,565:CO:SNTL,0.6427236,7,-2.6,0.0178,-0.0508,0.5182,0.5359,2.1336,2.0828,-12.3,-14.9,0.8448116183280945,34.099998474121094,42.0,20.0
rockmt,2020-02-19 18:42:55+00:00,2020-03-12 17:08:09+00:00,870:CO:SNTL,0.48369548,21,13.0,0.0559,-0.0762,0.4191,0.475,1.6002,1.524,-13.9,-0.9,0.847499668598175,44.25,42.0,12.0
rockmt,2020-02-19 18:42:55+00:00,2020-03-12 17:08:09+00:00,551:CO:SNTL,0.36459276,21,12.0,0.0686,-0.2032,0.4216,0.4902,1.8034,1.6002,-12.5,-0.5,1.0448368787765503,27.0,42.0,12.0
rockmt,2020-02-19 18:42:55+00:00,2020-03-12 17:08:09+00:00,1123:CO:SNTL,0.37719497,21,13.8,0.0508,-0.1016,0.3835,0.4343,1.5748,1.4732,-14.3,-0.5,0.5916900634765625,40.75,42.0,16.0
rockmt,2020-02-19 18:42:55+00:00,2020-03-12 17:08:09+00:00,688:CO:SNTL,0.3345806,21,12.4,0.0203,-0.2032,0.2794,0.2997,1.2192,1.016,-10.8,1.6,1.1855084896087646,44.29999923706055,42.0,20.0
rockmt,2020-02-19 18:42:55+00:00,2020-03-12 17:08:09+00:00,565:CO:SNTL,0.34672856,21,10.9,0.0584,-0.0762,0.5182,0.5766,2.1336,2.0574,-12.3,-1.4,1.1001107692718506,34.099998474121094,42.0,20.0
rockmt,2020-02-26 18:24:28+00:00,2020-03-12 16:54:00+00:00,870:CO:SNTL,0.46779966,14,10.9,0.033,-0.0508,0.442,0.475,1.5748,1.524,-11.8,-0.9,1.1233562231063843,44.25,42.0,12.0
rockmt,2020-02-26 18:24:28+00:00,2020-03-12 16:54:00+00:00,551:CO:SNTL,0.39919034,14,11.2,0.0406,-0.1778,0.4496,0.4902,1.778,1.6002,-11.7,-0.5,0.9470073580741882,27.0,42.0,12.0
rockmt,2020-02-26 18:24:28+00:00,2020-03-12 16:54:00+00:00,1123:CO:SNTL,0.31350696,14,12.2,0.0356,-0.0762,0.3988,0.4343,1.5494,1.4732,-12.7,-0.5,1.2569371461868286,40.75,42.0,16.0
rockmt,2020-02-26 18:24:28+00:00,2020-03-12 16:54:00+00:00,688:CO:SNTL,0.38251743,14,15.1,0.0102,-0.1524,0.2896,0.2997,1.1684,1.016,-13.5,1.6,0.5724688172340393,44.29999923706055,42.0,20.0
rockmt,2020-02-26 18:24:28+00:00,2020-03-12 16:54:00+00:00,565:CO:SNTL,0.45701116,14,13.5,0.0406,-0.0254,0.5359,0.5766,2.0828,2.0574,-14.9,-1.4,0.8448116183280945,34.099998474121094,42.0,20.0
rockmt,2020-03-12 16:53:58+00:00,2021-01-15 17:43:43+00:00,870:CO:SNTL,0.30315393,309,-5.9,-0.3378,-0.9652,0.475,0.1372,1.524,0.5588,-0.9,-6.8,1.1233562231063843,44.25,42.0,12.0
rockmt,2020-03-12 16:53:58+00:00,2021-01-15 17:43:43+00:00,551:CO:SNTL,0.31737748,309,-6.8,-0.2972,-0.9144,0.4902,0.193,1.6002,0.6858,-0.5,-7.3,0.9470073580741882,27.0,42.0,12.0
rockmt,2020-03-12 16:53:58+00:00,2021-01-15 17:43:43+00:00,1123:CO:SNTL,0.27782455,309,-7.3,-0.2743,-0.9144,0.4343,0.16,1.4732,0.5588,-0.5,-7.8,1.2569371461868286,40.75,42.0,16.0
rockmt,2020-03-12 16:53:58+00:00,2021-01-15 17:43:43+00:00,688:CO:SNTL,0.26867545,309,-11.0,-0.2159,-0.6096,0.2997,0.0838,1.016,0.4064,1.6,-9.4,0.5724688172340393,44.29999923706055,42.0,20.0
rockmt,2020-03-12 16:53:58+00:00,2021-01-15 17:43:43+00:00,565:CO:SNTL,0.31619358,309,-8.4,-0.3835,-1.143,0.5766,0.193,2.0574,0.9144,-1.4,-9.8,0.8448116183280945,34.099998474121094,42.0,20.0
rockmt,2021-01-15 17:43:23+00:00,2021-01-20 19:20:07+00:00,870:CO:SNTL,0.6247801,5,1.4,0.0152,0.1016,0.1372,0.1524,0.5588,0.6604,-6.8,-5.4,1.1233562231063843,44.25,42.0,12.0
rockmt,2021-01-15 17:43:23+00:00,2021-01-20 19:20:07+00:00,551:CO:SNTL,0.6177926,5,2.8,0.0203,0.1016,0.193,0.2134,0.6858,0.7874,-7.3,-4.5,0.9470073580741882,27.0,42.0,12.0
rockmt,2021-01-15 17:43:23+00:00,2021-01-20 19:20:07+00:00,1123:CO:SNTL,0.46920925,5,2.4,0.0178,-0.2032,0.16,0.1778,0.5588,0.3556,-7.8,-5.4,1.2569371461868286,40.75,42.0,16.0
rockmt,2021-01-15 17:43:23+00:00,2021-01-20 19:20:07+00:00,688:CO:SNTL,0.524815,5,4.3,0.0152,0.1016,0.0838,0.0991,0.4064,0.508,-9.4,-5.1,0.5724688172340393,44.29999923706055,42.0,20.0
rockmt,2021-01-15 17:43:23+00:00,2021-01-20 19:20:07+00:00,565:CO:SNTL,0.69192374,5,3.8,0.0229,0.1524,0.193,0.2159,0.9144,1.0668,-9.8,-6.0,0.8448116183280945,34.099998474121094,42.0,20.0
rockmt,2021-01-20 19:20:06+00:00,2021-01-27 18:52:16+00:00,870:CO:SNTL,0.6075,6,-4.0,0.0178,0.1016,0.1524,0.1702,0.6604,0.762,-5.4,-9.4,1.1233562231063843,44.25,42.0,12.0
rockmt,2021-01-20 19:20:06+00:00,2021-01-27 18:52:16+00:00,551:CO:SNTL,0.502975,6,-2.8,0.0305,0.2286,0.2134,0.2438,0.7874,1.016,-4.5,-7.3,0.9470073580741882,27.0,42.0,12.0
rockmt,2021-01-20 19:20:06+00:00,2021-01-27 18:52:16+00:00,1123:CO:SNTL,0.5084637,6,-3.4,0.0152,0.4064,0.1778,0.193,0.3556,0.762,-5.4,-8.8,1.2569371461868286,40.75,42.0,16.0
rockmt,2021-01-20 19:20:06+00:00,2021-01-27 18:52:16+00:00,688:CO:SNTL,0.5727805,6,-1.9,0.0127,0.0762,0.0991,0.1118,0.508,0.5842,-5.1,-7.0,0.5724688172340393,44.29999923706055,42.0,20.0
rockmt,2021-01-20 19:20:06+00:00,2021-01-27 18:52:16+00:00,565:CO:SNTL,0.58207667,6,-3.5,0.0279,0.1524,0.2159,0.2438,1.0668,1.2192,-6.0,-9.5,0.8448116183280945,34.099998474121094,42.0,20.0
rockmt,2021-01-27 18:35:50+00:00,2021-02-03 17:34:34+00:00,870:CO:SNTL,0.66750175,6,5.2,0.0076,-0.0254,0.1702,0.1778,0.762,0.7366,-9.4,-4.2,0.847499668598175,44.25,42.0,12.0
rockmt,2021-01-27 18:35:50+00:00,2021-02-03 17:34:34+00:00,551:CO:SNTL,0.45679727,6,4.2,0.0076,-0.1016,0.2438,0.2515,1.016,0.9144,-7.3,-3.1,1.0448368787765503,27.0,42.0,12.0
rockmt,2021-01-27 18:35:50+00:00,2021-02-03 17:34:34+00:00,1123:CO:SNTL,0.5595754,6,5.7,0.0025,0.0254,0.193,0.1956,0.762,0.7874,-8.8,-3.1,0.5916900634765625,40.75,42.0,16.0
rockmt,2021-01-27 18:35:50+00:00,2021-02-03 17:34:34+00:00,688:CO:SNTL,0.3372938,6,6.3,0.0025,-0.0508,0.1118,0.1143,0.5842,0.5334,-7.0,-0.7,1.1855084896087646,44.29999923706055,42.0,20.0
rockmt,2021-01-27 18:35:50+00:00,2021-02-03 17:34:34+00:00,565:CO:SNTL,0.49559188,6,5.1,0.0076,-0.1016,0.2438,0.2515,1.2192,1.1176,-9.5,-4.4,1.1001107692718506,34.099998474121094,42.0,20.0
rockmt,2021-01-27 18:52:13+00:00,2021-02-03 17:51:35+00:00,870:CO:SNTL,,6,5.2,0.0076,-0.0254,0.1702,0.1778,0.762,0.7366,-9.4,-4.2,1.1233562231063843,44.25,42.0,0.0
rockmt,2021-01-27 18:52:13+00:00,2021-02-03 17:51:35+00:00,551:CO:SNTL,0.4450471,6,4.2,0.0076,-0.1016,0.2438,0.2515,1.016,0.9144,-7.3,-3.1,0.9470073580741882,27.0,42.0,12.0
rockmt,2021-01-27 18:52:13+00:00,2021-02-03 17:51:35+00:00,1123:CO:SNTL,0.38279325,6,5.7,0.0025,0.0254,0.193,0.1956,0.762,0.7874,-8.8,-3.1,1.2569371461868286,40.75,42.0,16.0
rockmt,2021-01-27 18:52:13+00:00,2021-02-03 17:51:35+00:00,688:CO:SNTL,,6,6.3,0.0025,-0.0508,0.1118,0.1143,0.5842,0.5334,-7.0,-0.7,0.5724688172340393,44.29999923706055,42.0,0.0
rockmt,2021-01-27 18:52:13+00:00,2021-02-03 17:51:35+00:00,565:CO:SNTL,,6,5.1,0.0076,-0.1016,0.2438,0.2515,1.2192,1.1176,-9.5,-4.4,0.8448116183280945,34.099998474121094,42.0,0.0
rockmt,2021-01-27 18:52:16+00:00,2021-02-23 17:26:43+00:00,870:CO:SNTL,,26,5.1,0.1245,0.4064,0.1702,0.2946,0.762,1.1684,-9.4,-4.3,1.1233562231063843,44.25,42.0,0.0
rockmt,2021-01-27 18:52:16+00:00,2021-02-23 17:26:43+00:00,551:CO:SNTL,,26,3.4,0.1118,0.2794,0.2438,0.3556,1.016,1.2954,-7.3,-3.9,0.9470073580741882,27.0,42.0,0.0
rockmt,2021-01-27 18:52:16+00:00,2021-02-23 17:26:43+00:00,1123:CO:SNTL,,26,5.6,0.1143,0.4318,0.193,0.3073,0.762,1.1938,-8.8,-3.2,1.2569371461868286,40.75,42.0,0.0
rockmt,2021-01-27 18:52:16+00:00,2021-02-23 17:26:43+00:00,688:CO:SNTL,,26,4.7,0.061,0.1778,0.1118,0.1727,0.5842,0.762,-7.0,-2.3,0.5724688172340393,44.29999923706055,42.0,0.0
rockmt,2021-01-27 18:52:16+00:00,2021-02-23 17:26:43+00:00,565:CO:SNTL,,26,4.7,0.1372,0.4064,0.2438,0.381,1.2192,1.6256,-9.5,-4.8,0.8448116183280945,34.099998474121094,42.0,0.0
rockmt,2021-01-27 18:52:16+00:00,2021-02-23 22:50:23+00:00,870:CO:SNTL,0.42916557,27,-1.3,0.1245,0.381,0.1702,0.2946,0.762,1.143,-9.4,-10.7,1.1233562231063843,44.25,42.0,12.0
rockmt,2021-01-27 18:52:16+00:00,2021-02-23 22:50:23+00:00,551:CO:SNTL,0.3892406,27,-2.3,0.1118,0.254,0.2438,0.3556,1.016,1.27,-7.3,-9.6,0.9470073580741882,27.0,42.0,12.0
rockmt,2021-01-27 18:52:16+00:00,2021-02-23 22:50:23+00:00,1123:CO:SNTL,0.35246685,27,-0.1,0.1143,0.4064,0.193,0.3073,0.762,1.1684,-8.8,-8.9,1.2569371461868286,40.75,42.0,16.0
rockmt,2021-01-27 18:52:16+00:00,2021-02-23 22:50:23+00:00,688:CO:SNTL,0.3369908,27,0.8,0.061,0.1524,0.1118,0.1727,0.5842,0.7366,-7.0,-6.2,0.5724688172340393,44.29999923706055,42.0,20.0
rockmt,2021-01-27 18:52:16+00:00,2021-02-23 22:50:23+00:00,565:CO:SNTL,0.3745032,27,-0.7,0.1422,0.3556,0.2438,0.3861,1.2192,1.5748,-9.5,-10.2,0.8448116183280945,34.099998474121094,42.0,20.0
rockmt,2021-02-03 17:34:34+00:00,2021-03-03 15:58:02+00:00,870:CO:SNTL,0.52550447,27,0.4,0.1321,0.4318,0.1778,0.3099,0.7366,1.1684,-4.2,-3.8,0.847499668598175,44.25,42.0,12.0
rockmt,2021-02-03 17:34:34+00:00,2021-03-03 15:58:02+00:00,551:CO:SNTL,0.44538045,27,-0.3,0.1194,0.381,0.2515,0.3708,0.9144,1.2954,-3.1,-3.4,1.0448368787765503,27.0,42.0,12.0
rockmt,2021-02-03 17:34:34+00:00,2021-03-03 15:58:02+00:00,1123:CO:SNTL,0.46403483,27,-2.0,0.1245,0.4064,0.1956,0.32,0.7874,1.1938,-3.1,-5.1,0.5916900634765625,40.75,42.0,16.0
rockmt,2021-02-03 17:34:34+00:00,2021-03-03 15:58:02+00:00,688:CO:SNTL,0.28779504,27,-2.9,0.0686,0.2286,0.1143,0.1829,0.5334,0.762,-0.7,-3.6,1.1855084896087646,44.29999923706055,42.0,20.0
rockmt,2021-02-03 17:34:34+00:00,2021-03-03 15:58:02+00:00,565:CO:SNTL,0.41144592,27,1.4,0.1499,0.4826,0.2515,0.4013,1.1176,1.6002,-4.4,-3.0,1.1001107692718506,34.099998474121094,42.0,20.0
rockmt,2021-02-03 17:51:35+00:00,2021-02-23 22:50:20+00:00,870:CO:SNTL,0.46987185,20,-6.5,0.1168,0.4064,0.1778,0.2946,0.7366,1.143,-4.2,-10.7,1.1233562231063843,44.25,42.0,12.0
rockmt,2021-02-03 17:51:35+00:00,2021-02-23 22:50:20+00:00,551:CO:SNTL,0.33370623,20,-6.5,0.1041,0.3556,0.2515,0.3556,0.9144,1.27,-3.1,-9.6,0.9470073580741882,27.0,42.0,12.0
rockmt,2021-02-03 17:51:35+00:00,2021-02-23 22:50:20+00:00,1123:CO:SNTL,0.49558476,20,-5.8,0.1118,0.381,0.1956,0.3073,0.7874,1.1684,-3.1,-8.9,1.2569371461868286,40.75,42.0,16.0
rockmt,2021-02-03 17:51:35+00:00,2021-02-23 22:50:20+00:00,688:CO:SNTL,0.34801027,20,-5.5,0.0584,0.2032,0.1143,0.1727,0.5334,0.7366,-0.7,-6.2,0.5724688172340393,44.29999923706055,42.0,20.0
rockmt,2021-02-03 17:51:35+00:00,2021-02-23 22:50:20+00:00,565:CO:SNTL,0.40066773,20,-5.8,0.1346,0.4572,0.2515,0.3861,1.1176,1.5748,-4.4,-10.2,0.8448116183280945,34.099998474121094,42.0,20.0
rockmt,2021-02-23 17:26:43+00:00,2021-02-23 22:50:23+00:00,870:CO:SNTL,,0,-6.4,0.0,-0.0254,0.2946,0.2946,1.1684,1.143,-4.3,-10.7,1.1233562231063843,44.25,42.0,0.0
rockmt,2021-02-23 17:26:43+00:00,2021-02-23 22:50:23+00:00,551:CO:SNTL,,0,-5.7,0.0,-0.0254,0.3556,0.3556,1.2954,1.27,-3.9,-9.6,0.9470073580741882,27.0,42.0,0.0
rockmt,2021-02-23 17:26:43+00:00,2021-02-23 22:50:23+00:00,1123:CO:SNTL,,0,-5.7,0.0,-0.0254,0.3073,0.3073,1.1938,1.1684,-3.2,-8.9,1.2569371461868286,40.75,42.0,0.0
rockmt,2021-02-23 17:26:43+00:00,2021-02-23 22:50:23+00:00,688:CO:SNTL,,0,-3.9,0.0,-0.0254,0.1727,0.1727,0.762,0.7366,-2.3,-6.2,0.5724688172340393,44.29999923706055,42.0,0.0
rockmt,2021-02-23 17:26:43+00:00,2021-02-23 22:50:23+00:00,565:CO:SNTL,,0,-5.4,0.0051,-0.0508,0.381,0.3861,1.6256,1.5748,-4.8,-10.2,0.8448116183280945,34.099998474121094,42.0,0.0
rockmt,2021-02-23 22:50:20+00:00,2021-03-03 16:13:41+00:00,870:CO:SNTL,0.61700356,7,6.9,0.0152,0.0254,0.2946,0.3099,1.143,1.1684,-10.7,-3.8,1.1233562231063843,44.25,42.0,12.0
rockmt,2021-02-23 22:50:20+00:00,2021-03-03 16:13:41+00:00,551:CO:SNTL,0.4682782,7,6.2,0.0152,0.0254,0.3556,0.3708,1.27,1.2954,-9.6,-3.4,0.9470073580741882,27.0,42.0,12.0
rockmt,2021-02-23 22:50:20+00:00,2021-03-03 16:13:41+00:00,1123:CO:SNTL,0.3906147,7,3.8,0.0127,0.0254,0.3073,0.32,1.1684,1.1938,-8.9,-5.1,1.2569371461868286,40.75,42.0,16.0
rockmt,2021-02-23 22:50:20+00:00,2021-03-03 16:13:41+00:00,688:CO:SNTL,0.43355918,7,2.6,0.0102,0.0254,0.1727,0.1829,0.7366,0.762,-6.2,-3.6,0.5724688172340393,44.29999923706055,42.0,20.0
rockmt,2021-02-23 22:50:20+00:00,2021-03-03 16:13:41+00:00,565:CO:SNTL,0.5798205,7,7.2,0.0152,0.0254,0.3861,0.4013,1.5748,1.6002,-10.2,-3.0,0.8448116183280945,34.099998474121094,42.0,20.0
rockmt,2021-03-03 15:58:03+00:00,2021-03-10 15:30:04+00:00,870:CO:SNTL,0.61222476,6,-6.0,0.0127,0.1016,0.3099,0.3226,1.1684,1.27,-3.8,-9.8,0.847499668598175,44.25,42.0,12.0
rockmt,2021-03-03 15:58:03+00:00,2021-03-10 15:30:04+00:00,551:CO:SNTL,0.6283681,6,-5.2,0.0127,-0.0762,0.3708,0.3835,1.2954,1.2192,-3.4,-8.6,1.0448368787765503,27.0,42.0,12.0
rockmt,2021-03-03 15:58:03+00:00,2021-03-10 15:30:04+00:00,1123:CO:SNTL,0.6557119,6,-3.8,0.0127,0.0,0.32,0.3327,1.1938,1.1938,-5.1,-8.9,0.5916900634765625,40.75,42.0,16.0
rockmt,2021-03-03 15:58:03+00:00,2021-03-10 15:30:04+00:00,688:CO:SNTL,0.43786162,6,-2.5,0.0025,-0.0762,0.1829,0.1854,0.762,0.6858,-3.6,-6.1,1.1855084896087646,44.29999923706055,42.0,20.0
rockmt,2021-03-03 15:58:03+00:00,2021-03-10 15:30:04+00:00,565:CO:SNTL,0.5962578,6,-6.5,0.0152,0.0254,0.4013,0.4166,1.6002,1.6256,-3.0,-9.5,1.1001107692718506,34.099998474121094,42.0,20.0
rockmt,2021-03-03 16:13:30+00:00,2021-03-10 15:46:02+00:00,870:CO:SNTL,0.5535266,6,-6.0,0.0127,0.1016,0.3099,0.3226,1.1684,1.27,-3.8,-9.8,1.1233562231063843,44.25,42.0,12.0
rockmt,2021-03-03 16:13:30+00:00,2021-03-10 15:46:02+00:00,551:CO:SNTL,0.5940012,6,-5.2,0.0127,-0.0762,0.3708,0.3835,1.2954,1.2192,-3.4,-8.6,0.9470073580741882,27.0,42.0,12.0
rockmt,2021-03-03 16:13:30+00:00,2021-03-10 15:46:02+00:00,1123:CO:SNTL,0.45451283,6,-3.8,0.0127,0.0,0.32,0.3327,1.1938,1.1938,-5.1,-8.9,1.2569371461868286,40.75,42.0,16.0
rockmt,2021-03-03 16:13:30+00:00,2021-03-10 15:46:02+00:00,688:CO:SNTL,0.5093923,6,-2.5,0.0025,-0.0762,0.1829,0.1854,0.762,0.6858,-3.6,-6.1,0.5724688172340393,44.29999923706055,42.0,20.0
rockmt,2021-03-03 16:13:30+00:00,2021-03-10 15:46:02+00:00,565:CO:SNTL,0.59506714,6,-6.5,0.0152,0.0254,0.4013,0.4166,1.6002,1.6256,-3.0,-9.5,0.8448116183280945,34.099998474121094,42.0,20.0
rockmt,2021-03-10 15:29:50+00:00,2021-03-22 14:29:08+00:00,870:CO:SNTL,0.5154913,11,2.0,0.1016,0.2286,0.3226,0.4242,1.27,1.4986,-9.8,-7.8,0.847499668598175,44.25,42.0,12.0
rockmt,2021-03-10 15:29:50+00:00,2021-03-22 14:29:08+00:00,551:CO:SNTL,0.45204926,11,3.2,0.0914,0.4572,0.3835,0.475,1.2192,1.6764,-8.6,-5.4,1.0448368787765503,27.0,42.0,12.0
rockmt,2021-03-10 15:29:50+00:00,2021-03-22 14:29:08+00:00,1123:CO:SNTL,0.39543128,11,3.4,0.0838,0.254,0.3327,0.4166,1.1938,1.4478,-8.9,-5.5,0.5916900634765625,40.75,42.0,16.0
rockmt,2021-03-10 15:29:50+00:00,2021-03-22 14:29:08+00:00,688:CO:SNTL,0.3183291,11,3.5,0.0305,0.1016,0.1854,0.2159,0.6858,0.7874,-6.1,-2.6,1.1855084896087646,44.29999923706055,42.0,20.0
rockmt,2021-03-10 15:29:50+00:00,2021-03-22 14:29:08+00:00,565:CO:SNTL,0.45558602,11,3.4,0.0686,0.254,0.4166,0.4851,1.6256,1.8796,-9.5,-6.1,1.1001107692718506,34.099998474121094,42.0,20.0
rockmt,2021-03-10 15:46:14+00:00,2021-03-16 15:03:34+00:00,870:CO:SNTL,0.44360164,5,2.8,0.0787,0.3556,0.3226,0.4013,1.27,1.6256,-9.8,-7.0,1.1233562231063843,44.25,42.0,12.0
rockmt,2021-03-10 15:46:14+00:00,2021-03-16 15:03:34+00:00,551:CO:SNTL,0.390411,5,4.3,0.0686,0.5842,0.3835,0.4521,1.2192,1.8034,-8.6,-4.3,0.9470073580741882,27.0,42.0,12.0
rockmt,2021-03-10 15:46:14+00:00,2021-03-16 15:03:34+00:00,1123:CO:SNTL,0.3875321,5,4.3,0.0787,0.381,0.3327,0.4115,1.1938,1.5748,-8.9,-4.6,1.2569371461868286,40.75,42.0,16.0
rockmt,2021-03-10 15:46:14+00:00,2021-03-16 15:03:34+00:00,688:CO:SNTL,0.56452674,5,2.6,0.0305,0.3048,0.1854,0.2159,0.6858,0.9906,-6.1,-3.5,0.5724688172340393,44.29999923706055,42.0,20.0
rockmt,2021-03-10 15:46:14+00:00,2021-03-16 15:03:34+00:00,565:CO:SNTL,0.5047337,5,3.3,0.0508,0.3556,0.4166,0.4674,1.6256,1.9812,-9.5,-6.2,0.8448116183280945,34.099998474121094,42.0,20.0
rockmt,2021-03-16 15:03:34+00:00,2021-03-22 14:43:09+00:00,870:CO:SNTL,0.55068964,5,-0.8,0.0229,-0.127,0.4013,0.4242,1.6256,1.4986,-7.0,-7.8,1.1233562231063843,44.25,42.0,12.0
rockmt,2021-03-16 15:03:34+00:00,2021-03-22 14:43:09+00:00,551:CO:SNTL,0.50502664,5,-1.1,0.0229,-0.127,0.4521,0.475,1.8034,1.6764,-4.3,-5.4,0.9470073580741882,27.0,42.0,12.0
rockmt,2021-03-16 15:03:34+00:00,2021-03-22 14:43:09+00:00,1123:CO:SNTL,0.5146229,5,-0.9,0.0051,-0.127,0.4115,0.4166,1.5748,1.4478,-4.6,-5.5,1.2569371461868286,40.75,42.0,16.0
rockmt,2021-03-16 15:03:34+00:00,2021-03-22 14:43:09+00:00,688:CO:SNTL,0.62667334,5,0.9,0.0,-0.2032,0.2159,0.2159,0.9906,0.7874,-3.5,-2.6,0.5724688172340393,44.29999923706055,42.0,20.0
rockmt,2021-03-16 15:03:34+00:00,2021-03-22 14:43:09+00:00,565:CO:SNTL,0.65857714,5,0.1,0.0178,-0.1016,0.4674,0.4851,1.9812,1.8796,-6.2,-6.1,0.8448116183280945,34.099998474121094,42.0,20.0
silver,2020-02-21 01:22:11+00:00,2020-03-11 17:13:45+00:00,2029:ID:SNTL,0.41788107,19,6.9,-0.0508,-0.2794,0.0889,0.0381,0.381,0.1016,-0.9,6.0,0.9890373945236206,0.0,71.0,20.0
stlake,2020-01-31 22:24:31+00:00,2020-02-13 21:45:38+00:00,814:UT:SNTL,0.44882354,12,-4.5,0.0533,0.0762,0.3632,0.4166,1.2954,1.3716,3.4,-1.1,0.8014991283416748,51.91666793823242,21.0,12.0
stlake,2020-01-31 22:24:31+00:00,2020-02-13 21:45:38+00:00,366:UT:SNTL,0.38041252,12,-1.5,0.0457,0.0508,0.3861,0.4318,1.27,1.3208,0.5,-1.0,0.9707477688789368,35.1875,41.0,16.0
stlake,2020-01-31 22:24:31+00:00,2020-02-13 21:45:38+00:00,766:UT:SNTL,0.35882282,12,-4.4,0.1854,0.2794,0.6909,0.8763,2.0828,2.3622,3.5,-0.9,0.9784178733825684,13.333333015441895,42.0,12.0
stlake,2020-01-31 22:38:33+00:00,2020-02-13 21:59:48+00:00,814:UT:SNTL,,12,-4.5,0.0533,0.0762,0.3632,0.4166,1.2954,1.3716,3.4,-1.1,1.3120019435882568,51.91666793823242,21.0,0.0
stlake,2020-01-31 22:38:33+00:00,2020-02-13 21:59:48+00:00,366:UT:SNTL,0.39877927,12,-1.5,0.0457,0.0508,0.3861,0.4318,1.27,1.3208,0.5,-1.0,1.1553560495376587,35.1875,41.0,16.0
stlake,2020-01-31 22:38:33+00:00,2020-02-13 21:59:48+00:00,766:UT:SNTL,0.3943013,12,-4.4,0.1854,0.2794,0.6909,0.8763,2.0828,2.3622,3.5,-0.9,1.1298354864120483,13.333333015441895,42.0,12.0
stlake,2020-02-13 21:45:39+00:00,2020-02-21 02:47:01+00:00,814:UT:SNTL,0.45445058,7,1.0,0.0229,0.1524,0.4166,0.4394,1.3716,1.524,-1.1,-0.1,0.8014991283416748,51.91666793823242,21.0,12.0
stlake,2020-02-13 21:45:39+00:00,2020-02-21 02:47:01+00:00,366:UT:SNTL,0.42905068,7,-0.2,0.0305,0.1016,0.4318,0.4623,1.3208,1.4224,-1.0,-1.2,0.9707477688789368,35.1875,41.0,16.0
stlake,2020-02-13 21:45:39+00:00,2020-02-21 02:47:01+00:00,766:UT:SNTL,0.45254382,7,0.8,0.0406,0.1016,0.8763,0.9169,2.3622,2.4638,-0.9,-0.1,0.9784178733825684,13.333333015441895,42.0,12.0
stlake,2020-02-13 21:59:36+00:00,2020-02-21 03:01:54+00:00,814:UT:SNTL,0.47605577,7,1.0,0.0229,0.1524,0.4166,0.4394,1.3716,1.524,-1.1,-0.1,1.3120019435882568,51.91666793823242,21.0,12.0
stlake,2020-02-13 21:59:36+00:00,2020-02-21 03:01:54+00:00,366:UT:SNTL,0.39893436,7,-0.2,0.0305,0.1016,0.4318,0.4623,1.3208,1.4224,-1.0,-1.2,1.1553560495376587,35.1875,41.0,16.0
stlake,2020-02-13 21:59:36+00:00,2020-02-21 03:01:54+00:00,766:UT:SNTL,0.38777828,7,0.8,0.0406,0.1016,0.8763,0.9169,2.3622,2.4638,-0.9,-0.1,1.1298354864120483,13.333333015441895,42.0,12.0
stlake,2020-02-21 02:47:02+00:00,2020-03-12 16:05:09+00:00,814:UT:SNTL,0.46804544,20,1.3,0.0432,-0.0254,0.4394,0.4826,1.524,1.4986,-0.1,1.2,0.8014991283416748,51.91666793823242,21.0,12.0
stlake,2020-02-21 02:47:02+00:00,2020-03-12 16:05:09+00:00,366:UT:SNTL,0.4122296,20,2.1,0.0381,-0.1016,0.4623,0.5004,1.4224,1.3208,-1.2,0.9,0.9707477688789368,35.1875,41.0,16.0
stlake,2020-02-21 02:47:02+00:00,2020-03-12 16:05:09+00:00,766:UT:SNTL,0.55053234,20,1.1,0.0508,-0.1524,0.9169,0.9677,2.4638,2.3114,-0.1,1.0,0.9784178733825684,13.333333015441895,42.0,12.0
stlake,2020-02-21 03:01:53+00:00,2020-03-12 16:21:25+00:00,814:UT:SNTL,0.381263,20,1.3,0.0432,-0.0254,0.4394,0.4826,1.524,1.4986,-0.1,1.2,1.3120019435882568,51.91666793823242,21.0,12.0
stlake,2020-02-21 03:01:53+00:00,2020-03-12 16:21:25+00:00,366:UT:SNTL,0.36230677,20,2.1,0.0381,-0.1016,0.4623,0.5004,1.4224,1.3208,-1.2,0.9,1.1553560495376587,35.1875,41.0,16.0
stlake,2020-02-21 03:01:53+00:00,2020-03-12 16:21:25+00:00,766:UT:SNTL,0.4458097,20,1.1,0.0508,-0.1524,0.9169,0.9677,2.4638,2.3114,-0.1,1.0,1.1298354864120483,13.333333015441895,42.0,12.0
stlake,2021-01-15 22:17:07+00:00,2021-01-21 00:22:29+00:00,814:UT:SNTL,,5,-0.1,0.0051,0.0254,0.1422,0.1473,0.635,0.6604,-2.0,-2.1,1.3120019435882568,51.91666793823242,21.0,0.0
stlake,2021-01-15 22:17:07+00:00,2021-01-21 00:22:29+00:00,366:UT:SNTL,0.50961614,5,0.6,0.0051,0.0508,0.1372,0.1422,0.4826,0.5334,-3.1,-2.5,1.1553560495376587,35.1875,41.0,16.0
stlake,2021-01-15 22:17:07+00:00,2021-01-21 00:22:29+00:00,766:UT:SNTL,0.6652302,5,0.1,0.0076,0.0254,0.2591,0.2667,0.8128,0.8382,-2.1,-2.0,1.1298354864120483,13.333333015441895,42.0,12.0
stlake,2021-01-21 00:22:16+00:00,2021-01-28 00:44:37+00:00,814:UT:SNTL,0.2888595,7,-1.5,0.0432,0.3556,0.1473,0.1905,0.6604,1.016,-2.1,-3.6,1.3120019435882568,51.91666793823242,21.0,12.0
stlake,2021-01-21 00:22:16+00:00,2021-01-28 00:44:37+00:00,366:UT:SNTL,0.33744767,7,1.4,0.0381,0.1778,0.1422,0.1803,0.5334,0.7112,-2.5,-1.1,1.1553560495376587,35.1875,41.0,16.0
stlake,2021-01-21 00:22:16+00:00,2021-01-28 00:44:37+00:00,766:UT:SNTL,0.40377071,7,1.2,0.0457,0.3302,0.2667,0.3124,0.8382,1.1684,-2.0,-0.8,1.1298354864120483,13.333333015441895,42.0,12.0
stlake,2021-01-28 00:44:46+00:00,2021-02-03 22:57:03+00:00,814:UT:SNTL,,6,-5.3,0.033,0.0508,0.1905,0.2235,1.016,1.0668,-3.6,-8.9,1.3120019435882568,51.91666793823242,21.0,0.0
stlake,2021-01-28 00:44:46+00:00,2021-02-03 22:57:03+00:00,366:UT:SNTL,0.34530425,6,-7.3,0.0279,0.1778,0.1803,0.2083,0.7112,0.889,-1.1,-8.4,1.1553560495376587,35.1875,41.0,16.0
stlake,2021-01-28 00:44:46+00:00,2021-02-03 22:57:03+00:00,766:UT:SNTL,0.426069,6,-8.6,0.061,0.1778,0.3124,0.3734,1.1684,1.3462,-0.8,-9.4,1.1298354864120483,13.333333015441895,42.0,12.0
stlake,2021-02-03 22:57:04+00:00,2021-02-10 19:50:19+00:00,814:UT:SNTL,,6,6.2,0.0127,-0.0254,0.2235,0.2362,1.0668,1.0414,-8.9,-2.7,1.3120019435882568,51.91666793823242,21.0,0.0
stlake,2021-02-03 22:57:04+00:00,2021-02-10 19:50:19+00:00,366:UT:SNTL,0.3883642,6,6.7,0.0152,-0.0508,0.2083,0.2235,0.889,0.8382,-8.4,-1.7,1.1553560495376587,35.1875,41.0,16.0
stlake,2021-02-03 22:57:04+00:00,2021-02-10 19:50:19+00:00,766:UT:SNTL,0.41926858,6,6.6,0.0381,0.0508,0.3734,0.4115,1.3462,1.397,-9.4,-2.8,1.1298354864120483,13.333333015441895,42.0,12.0
stlake,2021-02-03 23:10:23+00:00,2021-02-10 20:03:35+00:00,814:UT:SNTL,0.47392592,6,6.8,0.0127,-0.0254,0.2235,0.2362,1.0668,1.0414,-8.9,-2.1,0.8014991283416748,51.91666793823242,21.0,12.0
stlake,2021-02-03 23:10:23+00:00,2021-02-10 20:03:35+00:00,366:UT:SNTL,0.42832857,6,7.0,0.0152,-0.0508,0.2083,0.2235,0.889,0.8382,-8.4,-1.4,0.9707477688789368,35.1875,41.0,16.0
stlake,2021-02-03 23:10:23+00:00,2021-02-10 20:03:35+00:00,766:UT:SNTL,0.49267673,6,7.2,0.0381,0.0,0.3734,0.4115,1.3462,1.3462,-9.4,-2.2,0.9784178733825684,13.333333015441895,42.0,12.0
stlake,2021-02-10 19:50:08+00:00,2021-02-23 21:57:38+00:00,814:UT:SNTL,0.26973426,13,-5.8,0.0711,0.2794,0.2362,0.3073,1.0414,1.3208,-2.7,-8.5,1.3120019435882568,51.91666793823242,21.0,12.0
stlake,2021-02-10 19:50:08+00:00,2021-02-23 21:57:38+00:00,366:UT:SNTL,0.41456696,13,-7.0,0.0864,0.3302,0.2235,0.3099,0.8382,1.1684,-1.7,-8.7,1.1553560495376587,35.1875,41.0,16.0
stlake,2021-02-10 19:50:08+00:00,2021-02-23 21:57:38+00:00,766:UT:SNTL,0.41002497,13,-5.3,0.1676,0.5334,0.4115,0.5791,1.397,1.9304,-2.8,-8.1,1.1298354864120483,13.333333015441895,42.0,12.0
stlake,2021-02-10 20:03:22+00:00,2021-02-23 22:11:14+00:00,814:UT:SNTL,0.3599848,13,-6.4,0.0711,0.2794,0.2362,0.3073,1.0414,1.3208,-2.1,-8.5,0.8014991283416748,51.91666793823242,21.0,12.0
stlake,2021-02-10 20:03:22+00:00,2021-02-23 22:11:14+00:00,366:UT:SNTL,0.3814866,13,-7.3,0.0864,0.3302,0.2235,0.3099,0.8382,1.1684,-1.4,-8.7,0.9707477688789368,35.1875,41.0,16.0
stlake,2021-02-10 20:03:22+00:00,2021-02-23 22:11:14+00:00,766:UT:SNTL,0.4086652,13,-5.9,0.1676,0.5842,0.4115,0.5791,1.3462,1.9304,-2.2,-8.1,0.9784178733825684,13.333333015441895,42.0,12.0
stlake,2021-02-23 21:57:38+00:00,2021-03-03 21:08:15+00:00,814:UT:SNTL,0.28751934,7,8.2,0.0152,-0.0254,0.3073,0.3226,1.3208,1.2954,-8.5,-0.3,1.3120019435882568,51.91666793823242,21.0,12.0
stlake,2021-02-23 21:57:38+00:00,2021-03-03 21:08:15+00:00,366:UT:SNTL,0.37441427,7,8.1,0.0254,-0.0508,0.3099,0.3353,1.1684,1.1176,-8.7,-0.6,1.1553560495376587,35.1875,41.0,16.0
stlake,2021-02-23 21:57:38+00:00,2021-03-03 21:08:15+00:00,766:UT:SNTL,0.50715697,7,7.8,0.0305,-0.1016,0.5791,0.6096,1.9304,1.8288,-8.1,-0.3,1.1298354864120483,13.333333015441895,42.0,12.0
stlake,2021-02-23 22:11:14+00:00,2021-03-03 21:22:01+00:00,814:UT:SNTL,0.3686258,7,8.2,0.0152,-0.0254,0.3073,0.3226,1.3208,1.2954,-8.5,-0.3,0.8014991283416748,51.91666793823242,21.0,12.0
stlake,2021-02-23 22:11:14+00:00,2021-03-03 21:22:01+00:00,366:UT:SNTL,0.3758326,7,8.1,0.0254,-0.0508,0.3099,0.3353,1.1684,1.1176,-8.7,-0.6,0.9707477688789368,35.1875,41.0,16.0
stlake,2021-02-23 22:11:14+00:00,2021-03-03 21:22:01+00:00,766:UT:SNTL,0.53159434,7,7.8,0.0305,-0.1016,0.5791,0.6096,1.9304,1.8288,-8.1,-0.3,0.9784178733825684,13.333333015441895,42.0,12.0
stlake,2021-03-03 21:08:15+00:00,2021-03-10 20:54:20+00:00,814:UT:SNTL,0.5691245,6,-6.5,0.0102,0.0508,0.3226,0.3327,1.2954,1.3462,-0.3,-6.8,1.3120019435882568,51.91666793823242,21.0,12.0
stlake,2021-03-03 21:08:15+00:00,2021-03-10 20:54:20+00:00,366:UT:SNTL,0.40828276,6,-5.9,0.0051,0.0,0.3353,0.3404,1.1176,1.1176,-0.6,-6.5,1.1553560495376587,35.1875,41.0,16.0
stlake,2021-03-03 21:08:15+00:00,2021-03-10 20:54:20+00:00,766:UT:SNTL,0.5255363,6,-5.9,0.0051,-0.1016,0.6096,0.6147,1.8288,1.7272,-0.3,-6.2,1.1298354864120483,13.333333015441895,42.0,12.0
stlake,2021-03-03 21:22:01+00:00,2021-03-10 21:08:11+00:00,814:UT:SNTL,0.571176,6,-6.5,0.0102,0.0508,0.3226,0.3327,1.2954,1.3462,-0.3,-6.8,0.8014991283416748,51.91666793823242,21.0,12.0
stlake,2021-03-03 21:22:01+00:00,2021-03-10 21:08:11+00:00,366:UT:SNTL,0.439448,6,-5.9,0.0051,0.0,0.3353,0.3404,1.1176,1.1176,-0.6,-6.5,0.9707477688789368,35.1875,41.0,16.0
stlake,2021-03-03 21:22:01+00:00,2021-03-10 21:08:11+00:00,766:UT:SNTL,0.5490225,6,-5.9,0.0051,-0.1016,0.6096,0.6147,1.8288,1.7272,-0.3,-6.2,0.9784178733825684,13.333333015441895,42.0,12.0
stlake,2021-03-10 20:54:20+00:00,2021-03-16 20:25:07+00:00,814:UT:SNTL,0.4992287,5,5.6,0.0305,0.127,0.3327,0.3632,1.3462,1.4732,-6.8,-1.2,1.3120019435882568,51.91666793823242,21.0,12.0
stlake,2021-03-10 20:54:20+00:00,2021-03-16 20:25:07+00:00,366:UT:SNTL,0.38554126,5,5.2,0.0305,-0.0254,0.3404,0.3708,1.1176,1.0922,-6.5,-1.3,1.1553560495376587,35.1875,41.0,16.0
stlake,2021-03-10 20:54:20+00:00,2021-03-16 20:25:07+00:00,766:UT:SNTL,0.44437847,5,5.3,0.0584,0.127,0.6147,0.6731,1.7272,1.8542,-6.2,-0.9,1.1298354864120483,13.333333015441895,42.0,12.0
stlake,2021-03-10 21:08:11+00:00,2021-03-16 20:39:07+00:00,814:UT:SNTL,0.5524778,5,5.6,0.0305,0.127,0.3327,0.3632,1.3462,1.4732,-6.8,-1.2,0.8014991283416748,51.91666793823242,21.0,12.0
stlake,2021-03-10 21:08:11+00:00,2021-03-16 20:39:07+00:00,366:UT:SNTL,0.46761203,5,5.2,0.0305,-0.0254,0.3404,0.3708,1.1176,1.0922,-6.5,-1.3,0.9707477688789368,35.1875,41.0,16.0
stlake,2021-03-10 21:08:11+00:00,2021-03-16 20:39:07+00:00,766:UT:SNTL,0.5016989,5,5.3,0.0584,0.127,0.6147,0.6731,1.7272,1.8542,-6.2,-0.9,0.9784178733825684,13.333333015441895,42.0,12.0
stlake,2021-03-16 20:25:08+00:00,2021-03-22 19:22:43+00:00,814:UT:SNTL,0.35225824,5,-5.3,0.0356,0.127,0.3632,0.3988,1.4732,1.6002,-1.2,-6.5,1.3120019435882568,51.91666793823242,21.0,12.0
stlake,2021-03-16 20:25:08+00:00,2021-03-22 19:22:43+00:00,366:UT:SNTL,0.33727324,5,-5.8,0.0305,0.2032,0.3708,0.4013,1.0922,1.2954,-1.3,-7.1,1.1553560495376587,35.1875,41.0,16.0
stlake,2021-03-16 20:25:08+00:00,2021-03-22 19:22:43+00:00,766:UT:SNTL,0.36573717,5,-5.6,0.0483,0.254,0.6731,0.7214,1.8542,2.1082,-0.9,-6.5,1.1298354864120483,13.333333015441895,42.0,12.0
stlake,2021-03-16 20:39:07+00:00,2021-03-22 19:36:35+00:00,814:UT:SNTL,0.43110946,5,-5.3,0.0356,0.127,0.3632,0.3988,1.4732,1.6002,-1.2,-6.5,0.8014991283416748,51.91666793823242,21.0,12.0
stlake,2021-03-16 20:39:07+00:00,2021-03-22 19:36:35+00:00,366:UT:SNTL,0.33992726,5,-5.8,0.0305,0.2032,0.3708,0.4013,1.0922,1.2954,-1.3,-7.1,0.9707477688789368,35.1875,41.0,16.0
stlake,2021-03-16 20:39:07+00:00,2021-03-22 19:36:35+00:00,766:UT:SNTL,0.47227192,5,-5.6,0.0483,0.254,0.6731,0.7214,1.8542,2.1082,-0.9,-6.5,0.9784178733825684,13.333333015441895,42.0,12.0
uticam,2021-01-15 19:10:57+00:00,2021-01-20 20:41:01+00:00,919:MT:SNTL,0.510402,5,-6.2,0.0152,0.127,0.1118,0.127,0.4318,0.5588,-2.8,-9.0,0.8785724639892578,51.04999923706055,42.0,20.0
uticam,2021-01-20 20:40:48+00:00,2021-02-23 18:47:21+00:00,919:MT:SNTL,0.35323626,33,1.3,0.0686,0.3048,0.127,0.1956,0.5588,0.8636,-9.0,-7.7,0.8785724639892578,51.04999923706055,42.0,20.0
