datetime,site,geometry,SWE,SWE_units,SNOWDEPTH,SNOWDEPTH_units,AVG AIR TEMP,AVG AIR TEMP_units,datasource
2019-10-01 08:00:00+00:00,538:CO:SNTL,POINT Z (-107.6762 37.93389 9812),0.0,in,0.0,in,50.0,degF,NRCS
2019-10-02 08:00:00+00:00,538:CO:SNTL,POINT Z (-107.6762 37.93389 9812),0.0,in,0.0,in,42.62,degF,NRCS
2019-10-03 08:00:00+00:00,538:CO:SNTL,POINT Z (-107.6762 37.93389 9812),0.0,in,0.0,in,45.14,degF,NRCS
2019-10-04 08:00:00+00:00,538:CO:SNTL,POINT Z (-107.6762 37.93389 9812),0.0,in,0.0,in,48.38,degF,NRCS
2019-10-05 08:00:00+00:00,538:CO:SNTL,POINT Z (-107.6762 37.93389 9812),0.0,in,0.0,in,40.64,degF,NRCS
2019-10-06 08:00:00+00:00,538:CO:SNTL,POINT Z (-107.6762 37.93389 9812),0.0,in,0.0,in,36.86,degF,NRCS
2019-10-07 08:00:00+00:00,538:CO:SNTL,POINT Z (-107.6762 37.93389 9812),0.0,in,0.0,in,42.8,degF,NRCS
2019-10-08 08:00:00+00:00,538:CO:SNTL,POINT Z (-107.6762 37.93389 9812),0.0,in,0.0,in,42.8,degF,NRCS
2019-10-09 08:00:00+00:00,538:CO:SNTL,POINT Z (-107.6762 37.93389 9812),0.0,in,0.0,in,45.5,degF,NRCS
2019-10-10 08:00:00+00:00,538:CO:SNTL,POINT Z (-107.6762 37.93389 9812),0.0,in,0.0,in,25.7,degF,NRCS
2019-10-11 08:00:00+00:00,538:CO:SNTL,POINT Z (-107.6762 37.93389 9812),0.0,in,0.0,in,26.6,degF,NRCS
2019-10-12 08:00:00+00:00,538:CO:SNTL,POINT Z (-107.6762 37.93389 9812),0.0,in,0.0,in,33.44,degF,NRCS
2019-10-13 08:00:00+00:00,538:CO:SNTL,POINT Z (-107.6762 37.93389 9812),0.0,in,0.0,in,39.02,degF,NRCS
2019-10-14 08:00:00+00:00,538:CO:SNTL,POINT Z (-107.6762 37.93389 9812),0.0,in,0.0,in,40.64,degF,NRCS
2019-10-15 08:00:00+00:00,538:CO:SNTL,POINT Z (-107.6762 37.93389 9812),0.0,in,0.0,in,37.76,degF,NRCS
2019-10-16 08:00:00+00:00,538:CO:SNTL,POINT Z (-107.6762 37.93389 9812),0.0,in,0.0,in,43.52,degF,NRCS
2019-10-17 08:00:00+00:00,538:CO:SNTL,POINT Z (-107.6762 37.93389 9812),0.0,in,0.0,in,46.76,degF,NRCS
2019-10-18 08:00:00+00:00,538:CO:SNTL,POINT Z (-107.6762 37.93389 9812),0.0,in,0.0,in,35.42,degF,NRCS
2019-10-19 08:00:00+00:00,538:CO:SNTL,POINT Z (-107.6762 37.93389 9812),0.0,in,0.0,in,35.6,degF,NRCS
2019-10-20 08:00:00+00:00,538:CO:SNTL,POINT Z (-107.6762 37.93389 9812),0.0,in,0.0,in,25.52,degF,NRCS
2019-10-21 08:00:00+00:00,538:CO:SNTL,POINT Z (-107.6762 37.93389 9812),0.3,in,1.0,in,24.44,degF,NRCS
2019-10-22 08:00:00+00:00,538:CO:SNTL,POINT Z (-107.6762 37.93389 9812),0.4,in,2.0,in,30.56,degF,NRCS
2019-10-23 08:00:00+00:00,538:CO:SNTL,POINT Z (-107.6762 37.93389 9812),0.3,in,1.0,in,33.26,degF,NRCS
2019-10-24 08:00:00+00:00,538:CO:SNTL,POINT Z (-107.6762 37.93389 9812),0.2,in,1.0,in,23.36,degF,NRCS
2019-10-25 08:00:00+00:00,538:CO:SNTL,POINT Z (-107.6762 37.93389 9812),0.2,in,1.0,in,30.38,degF,NRCS
2019-10-26 08:00:00+00:00,538:CO:SNTL,POINT Z (-107.6762 37.93389 9812),0.0,in,0.0,in,39.2,degF,NRCS
2019-10-27 08:00:00+00:00,538:CO:SNTL,POINT Z (-107.6762 37.93389 9812),0.0,in,0.0,in,36.5,degF,NRCS
2019-10-28 08:00:00+00:00,538:CO:SNTL,POINT Z (-107.6762 37.93389 9812),0.0,in,0.0,in,20.84,degF,NRCS
2019-10-29 08:00:00+00:00,538:CO:SNTL,POINT Z (-107.6762 37.93389 9812),0.4,in,1.0,in,21.2,degF,NRCS
2019-10-30 08:00:00+00:00,538:CO:SNTL,POINT Z (-107.6762 37.93389 9812),0.6,in,4.0,in,4.82,degF,NRCS
2019-10-31 08:00:00+00:00,538:CO:SNTL,POINT Z (-107.6762 37.93389 9812),0.6,in,4.0,in,22.28,degF,NRCS
2019-11-01 08:00:00+00:00,538:CO:SNTL,POINT Z (-107.6762 37.93389 9812),0.7,in,3.0,in,24.98,degF,NRCS
2019-11-02 08:00:00+00:00,538:CO:SNTL,POINT Z (-107.6762 37.93389 9812),0.7,in,3.0,in,26.6,degF,NRCS
2019-11-03 08:00:00+00:00,538:CO:SNTL,POINT Z (-107.6762 37.93389 9812),0.7,in,3.0,in,31.82,degF,NRCS
2019-11-04 08:00:00+00:00,538:CO:SNTL,POINT Z (-107.6762 37.93389 9812),0.7,in,2.0,in,32.18,degF,NRCS
2019-11-05 08:00:00+00:00,538:CO:SNTL,POINT Z (-107.6762 37.93389 9812),0.7,in,2.0,in,32.54,degF,NRCS
2019-11-06 08:00:00+00:00,538:CO:SNTL,POINT Z (-107.6762 37.93389 9812),0.7,in,2.0,in,34.34,degF,NRCS
2019-11-07 08:00:00+00:00,538:CO:SNTL,POINT Z (-107.6762 37.93389 9812),0.7,in,2.0,in,31.64,degF,NRCS
2019-11-08 08:00:00+00:00,538:CO:SNTL,POINT Z (-107.6762 37.93389 9812),0.7,in,2.0,in,31.1,degF,NRCS
2019-11-09 08:00:00+00:00,538:CO:SNTL,POINT Z (-107.6762 37.93389 9812),0.7,in,1.0,in,36.32,degF,NRCS
2019-11-10 08:00:00+00:00,538:CO:SNTL,POINT Z (-107.6762 37.93389 9812),0.6,in,1.0,in,35.24,degF,NRCS
2019-11-11 08:00:00+00:00,538:CO:SNTL,POINT Z (-107.6762 37.93389 9812),0.5,in,1.0,in,29.48,degF,NRCS
2019-11-12 08:00:00+00:00,538:CO:SNTL,POINT Z (-107.6762 37.93389 9812),0.5,in,1.0,in,29.66,degF,NRCS
2019-11-13 08:00:00+00:00,538:CO:SNTL,POINT Z (-107.6762 37.93389 9812),0.4,in,1.0,in,31.28,degF,NRCS
2019-11-14 08:00:00+00:00,538:CO:SNTL,POINT Z (-107.6762 37.93389 9812),0.4,in,1.0,in,31.46,degF,NRCS
2019-11-15 08:00:00+00:00,538:CO:SNTL,POINT Z (-107.6762 37.93389 9812),0.3,in,1.0,in,37.22,degF,NRCS
2019-11-16 08:00:00+00:00,538:CO:SNTL,POINT Z (-107.6762 37.93389 9812),0.3,in,1.0,in,33.98,degF,NRCS
2019-11-17 08:00:00+00:00,538:CO:SNTL,POINT Z (-107.6762 37.93389 9812),0.3,in,1.0,in,30.74,degF,NRCS
2019-11-18 08:00:00+00:00,538:CO:SNTL,POINT Z (-107.6762 37.93389 9812),0.2,in,1.0,in,33.26,degF,NRCS
2019-11-19 08:00:00+00:00,538:CO:SNTL,POINT Z (-107.6762 37.93389 9812),0.2,in,1.0,in,39.56,degF,NRCS
2019-11-20 08:00:00+00:00,538:CO:SNTL,POINT Z (-107.6762 37.93389 9812),0.2,in,1.0,in,35.96,degF,NRCS
2019-11-21 08:00:00+00:00,538:CO:SNTL,POINT Z (-107.6762 37.93389 9812),0.3,in,1.0,in,31.28,degF,NRCS
2019-11-22 08:00:00+00:00,538:CO:SNTL,POINT Z (-107.6762 37.93389 9812),0.7,in,4.0,in,26.6,degF,NRCS
2019-11-23 08:00:00+00:00,538:CO:SNTL,POINT Z (-107.6762 37.93389 9812),0.9,in,4.0,in,20.48,degF,NRCS
2019-11-24 08:00:00+00:00,538:CO:SNTL,POINT Z (-107.6762 37.93389 9812),0.9,in,4.0,in,21.2,degF,NRCS
2019-11-25 08:00:00+00:00,538:CO:SNTL,POINT Z (-107.6762 37.93389 9812),0.9,in,4.0,in,27.14,degF,NRCS
2019-11-26 08:00:00+00:00,538:CO:SNTL,POINT Z (-107.6762 37.93389 9812),1.0,in,6.0,in,11.48,degF,NRCS
2019-11-27 08:00:00+00:00,538:CO:SNTL,POINT Z (-107.6762 37.93389 9812),1.4,in,9.0,in,23.0,degF,NRCS
2019-11-28 08:00:00+00:00,538:CO:SNTL,POINT Z (-107.6762 37.93389 9812),1.5,in,9.0,in,32.18,degF,NRCS
2019-11-29 08:00:00+00:00,538:CO:SNTL,POINT Z (-107.6762 37.93389 9812),1.6,in,8.0,in,24.98,degF,NRCS
2019-11-30 08:00:00+00:00,538:CO:SNTL,POINT Z (-107.6762 37.93389 9812),2.9,in,20.0,in,11.48,degF,NRCS
2019-12-01 08:00:00+00:00,538:CO:SNTL,POINT Z (-107.6762 37.93389 9812),2.9,in,18.0,in,19.4,degF,NRCS
2019-12-02 08:00:00+00:00,538:CO:SNTL,POINT Z (-107.6762 37.93389 9812),3.0,in,16.0,in,27.68,degF,NRCS
2019-12-03 08:00:00+00:00,538:CO:SNTL,POINT Z (-107.6762 37.93389 9812),3.0,in,15.0,in,28.22,degF,NRCS
2019-12-04 08:00:00+00:00,538:CO:SNTL,POINT Z (-107.6762 37.93389 9812),3.0,in,14.0,in,31.1,degF,NRCS
2019-12-05 08:00:00+00:00,538:CO:SNTL,POINT Z (-107.6762 37.93389 9812),3.0,in,13.0,in,27.32,degF,NRCS
2019-12-06 08:00:00+00:00,538:CO:SNTL,POINT Z (-107.6762 37.93389 9812),3.2,in,16.0,in,23.36,degF,NRCS
2019-12-07 08:00:00+00:00,538:CO:SNTL,POINT Z (-107.6762 37.93389 9812),3.3,in,15.0,in,29.48,degF,NRCS
2019-12-08 08:00:00+00:00,538:CO:SNTL,POINT Z (-107.6762 37.93389 9812),3.3,in,14.0,in,30.38,degF,NRCS
2019-12-09 08:00:00+00:00,538:CO:SNTL,POINT Z (-107.6762 37.93389 9812),4.0,in,23.0,in,20.66,degF,NRCS
2019-12-10 08:00:00+00:00,538:CO:SNTL,POINT Z (-107.6762 37.93389 9812),4.0,in,22.0,in,14.54,degF,NRCS
2019-12-11 08:00:00+00:00,538:CO:SNTL,POINT Z (-107.6762 37.93389 9812),4.0,in,21.0,in,22.28,degF,NRCS
2019-12-12 08:00:00+00:00,538:CO:SNTL,POINT Z (-107.6762 37.93389 9812),4.1,in,20.0,in,27.32,degF,NRCS
2019-12-13 08:00:00+00:00,538:CO:SNTL,POINT Z (-107.6762 37.93389 9812),4.1,in,18.0,in,30.2,degF,NRCS
2019-12-14 08:00:00+00:00,538:CO:SNTL,POINT Z (-107.6762 37.93389 9812),4.4,in,20.0,in,29.48,degF,NRCS
2019-12-15 08:00:00+00:00,538:CO:SNTL,POINT Z (-107.6762 37.93389 9812),4.7,in,24.0,in,18.14,degF,NRCS
2019-12-16 08:00:00+00:00,538:CO:SNTL,POINT Z (-107.6762 37.93389 9812),5.0,in,26.0,in,6.26,degF,NRCS
2019-12-17 08:00:00+00:00,538:CO:SNTL,POINT Z (-107.6762 37.93389 9812),5.1,in,25.0,in,5.0,degF,NRCS
2019-12-18 08:00:00+00:00,538:CO:SNTL,POINT Z (-107.6762 37.93389 9812),5.1,in,23.0,in,19.4,degF,NRCS
2019-12-19 08:00:00+00:00,538:CO:SNTL,POINT Z (-107.6762 37.93389 9812),5.1,in,22.0,in,14.54,degF,NRCS
2019-12-20 08:00:00+00:00,538:CO:SNTL,POINT Z (-107.6762 37.93389 9812),5.1,in,22.0,in,15.98,degF,NRCS
2019-12-21 08:00:00+00:00,538:CO:SNTL,POINT Z (-107.6762 37.93389 9812),5.1,in,21.0,in,24.62,degF,NRCS
2019-12-22 08:00:00+00:00,538:CO:SNTL,POINT Z (-107.6762 37.93389 9812),5.2,in,21.0,in,34.34,degF,NRCS
2019-12-23 08:00:00+00:00,538:CO:SNTL,POINT Z (-107.6762 37.93389 9812),5.2,in,20.0,in,33.98,degF,NRCS
2019-12-24 08:00:00+00:00,538:CO:SNTL,POINT Z (-107.6762 37.93389 9812),5.2,in,20.0,in,30.92,degF,NRCS
2019-12-25 08:00:00+00:00,538:CO:SNTL,POINT Z (-107.6762 37.93389 9812),5.4,in,22.0,in,23.54,degF,NRCS
2019-12-26 08:00:00+00:00,538:CO:SNTL,POINT Z (-107.6762 37.93389 9812),5.6,in,26.0,in,17.06,degF,NRCS
2019-12-27 08:00:00+00:00,538:CO:SNTL,POINT Z (-107.6762 37.93389 9812),5.7,in,25.0,in,23.0,degF,NRCS
2019-12-28 08:00:00+00:00,538:CO:SNTL,POINT Z (-107.6762 37.93389 9812),6.3,in,32.0,in,13.1,degF,NRCS
2019-12-29 08:00:00+00:00,538:CO:SNTL,POINT Z (-107.6762 37.93389 9812),6.4,in,32.0,in,2.12,degF,NRCS
2019-12-30 08:00:00+00:00,538:CO:SNTL,POINT Z (-107.6762 37.93389 9812),6.4,in,31.0,in,3.92,degF,NRCS
2019-12-31 08:00:00+00:00,538:CO:SNTL,POINT Z (-107.6762 37.93389 9812),6.4,in,29.0,in,10.76,degF,NRCS
2020-01-01 08:00:00+00:00,538:CO:SNTL,POINT Z (-107.6762 37.93389 9812),6.5,in,28.0,in,21.38,degF,NRCS
2020-01-02 08:00:00+00:00,538:CO:SNTL,POINT Z (-107.6762 37.93389 9812),6.9,in,32.0,in,14.18,degF,NRCS
2020-01-03 08:00:00+00:00,538:CO:SNTL,POINT Z (-107.6762 37.93389 9812),6.9,in,33.0,in,12.56,degF,NRCS
2020-01-04 08:00:00+00:00,538:CO:SNTL,POINT Z (-107.6762 37.93389 9812),7.0,in,31.0,in,25.88,degF,NRCS
2020-01-05 08:00:00+00:00,538:CO:SNTL,POINT Z (-107.6762 37.93389 9812),7.0,in,30.0,in,26.96,degF,NRCS
2020-01-06 08:00:00+00:00,538:CO:SNTL,POINT Z (-107.6762 37.93389 9812),7.0,in,30.0,in,13.46,degF,NRCS
2020-01-07 08:00:00+00:00,538:CO:SNTL,POINT Z (-107.6762 37.93389 9812),7.0,in,29.0,in,19.04,degF,NRCS
2020-01-08 08:00:00+00:00,538:CO:SNTL,POINT Z (-107.6762 37.93389 9812),7.0,in,28.0,in,26.6,degF,NRCS
2020-01-09 08:00:00+00:00,538:CO:SNTL,POINT Z (-107.6762 37.93389 9812),7.1,in,28.0,in,19.04,degF,NRCS
2020-01-10 08:00:00+00:00,538:CO:SNTL,POINT Z (-107.6762 37.93389 9812),7.2,in,29.0,in,9.5,degF,NRCS
2020-01-11 08:00:00+00:00,538:CO:SNTL,POINT Z (-107.6762 37.93389 9812),7.2,in,30.0,in,17.06,degF,NRCS
2020-01-12 08:00:00+00:00,538:CO:SNTL,POINT Z (-107.6762 37.93389 9812),7.3,in,29.0,in,15.8,degF,NRCS
2020-01-13 08:00:00+00:00,538:CO:SNTL,POINT Z (-107.6762 37.93389 9812),7.4,in,31.0,in,21.56,degF,NRCS
2020-01-14 08:00:00+00:00,538:CO:SNTL,POINT Z (-107.6762 37.93389 9812),7.5,in,30.0,in,26.24,degF,NRCS
2020-01-15 08:00:00+00:00,538:CO:SNTL,POINT Z (-107.6762 37.93389 9812),7.5,in,30.0,in,27.68,degF,NRCS
2020-01-16 08:00:00+00:00,538:CO:SNTL,POINT Z (-107.6762 37.93389 9812),7.5,in,29.0,in,30.2,degF,NRCS
2020-01-17 08:00:00+00:00,538:CO:SNTL,POINT Z (-107.6762 37.93389 9812),7.5,in,28.0,in,19.76,degF,NRCS
2020-01-18 08:00:00+00:00,538:CO:SNTL,POINT Z (-107.6762 37.93389 9812),7.7,in,33.0,in,15.62,degF,NRCS
2020-01-19 08:00:00+00:00,538:CO:SNTL,POINT Z (-107.6762 37.93389 9812),7.7,in,31.0,in,20.3,degF,NRCS
2020-01-20 08:00:00+00:00,538:CO:SNTL,POINT Z (-107.6762 37.93389 9812),7.7,in,31.0,in,31.28,degF,NRCS
2020-01-21 08:00:00+00:00,538:CO:SNTL,POINT Z (-107.6762 37.93389 9812),7.8,in,30.0,in,31.1,degF,NRCS
2020-01-22 08:00:00+00:00,538:CO:SNTL,POINT Z (-107.6762 37.93389 9812),8.0,in,30.0,in,26.24,degF,NRCS
2020-01-23 08:00:00+00:00,538:CO:SNTL,POINT Z (-107.6762 37.93389 9812),8.2,in,34.0,in,22.28,degF,NRCS
2020-01-24 08:00:00+00:00,538:CO:SNTL,POINT Z (-107.6762 37.93389 9812),8.2,in,34.0,in,22.82,degF,NRCS
2020-01-25 08:00:00+00:00,538:CO:SNTL,POINT Z (-107.6762 37.93389 9812),8.2,in,32.0,in,25.16,degF,NRCS
2020-01-26 08:00:00+00:00,538:CO:SNTL,POINT Z (-107.6762 37.93389 9812),8.2,in,32.0,in,26.96,degF,NRCS
2020-01-27 08:00:00+00:00,538:CO:SNTL,POINT Z (-107.6762 37.93389 9812),8.3,in,31.0,in,24.98,degF,NRCS
2020-01-28 08:00:00+00:00,538:CO:SNTL,POINT Z (-107.6762 37.93389 9812),8.5,in,36.0,in,16.16,degF,NRCS
2020-01-29 08:00:00+00:00,538:CO:SNTL,POINT Z (-107.6762 37.93389 9812),8.5,in,35.0,in,18.14,degF,NRCS
2020-01-30 08:00:00+00:00,538:CO:SNTL,POINT Z (-107.6762 37.93389 9812),8.5,in,34.0,in,14.18,degF,NRCS
2020-01-31 08:00:00+00:00,538:CO:SNTL,POINT Z (-107.6762 37.93389 9812),8.5,in,32.0,in,17.6,degF,NRCS
2020-02-01 08:00:00+00:00,538:CO:SNTL,POINT Z (-107.6762 37.93389 9812),8.6,in,34.0,in,28.4,degF,NRCS
2020-02-02 08:00:00+00:00,538:CO:SNTL,POINT Z (-107.6762 37.93389 9812),8.6,in,33.0,in,35.42,degF,NRCS
2020-02-03 08:00:00+00:00,538:CO:SNTL,POINT Z (-107.6762 37.93389 9812),8.7,in,31.0,in,24.62,degF,NRCS
2020-02-04 08:00:00+00:00,538:CO:SNTL,POINT Z (-107.6762 37.93389 9812),8.8,in,35.0,in,3.2,degF,NRCS
2020-02-05 08:00:00+00:00,538:CO:SNTL,POINT Z (-107.6762 37.93389 9812),8.8,in,34.0,in,0.32,degF,NRCS
2020-02-06 08:00:00+00:00,538:CO:SNTL,POINT Z (-107.6762 37.93389 9812),8.8,in,34.0,in,20.84,degF,NRCS
2020-02-07 08:00:00+00:00,538:CO:SNTL,POINT Z (-107.6762 37.93389 9812),9.2,in,40.0,in,28.4,degF,NRCS
2020-02-08 08:00:00+00:00,538:CO:SNTL,POINT Z (-107.6762 37.93389 9812),9.3,in,38.0,in,26.78,degF,NRCS
2020-02-09 08:00:00+00:00,538:CO:SNTL,POINT Z (-107.6762 37.93389 9812),9.3,in,37.0,in,26.24,degF,NRCS
2020-02-10 08:00:00+00:00,538:CO:SNTL,POINT Z (-107.6762 37.93389 9812),9.3,in,36.0,in,24.98,degF,NRCS
2020-02-11 08:00:00+00:00,538:CO:SNTL,POINT Z (-107.6762 37.93389 9812),9.4,in,39.0,in,15.26,degF,NRCS
2020-02-12 08:00:00+00:00,538:CO:SNTL,POINT Z (-107.6762 37.93389 9812),9.4,in,37.0,in,12.56,degF,NRCS
2020-02-13 08:00:00+00:00,538:CO:SNTL,POINT Z (-107.6762 37.93389 9812),9.4,in,37.0,in,15.08,degF,NRCS
2020-02-14 08:00:00+00:00,538:CO:SNTL,POINT Z (-107.6762 37.93389 9812),9.4,in,36.0,in,25.52,degF,NRCS
2020-02-15 08:00:00+00:00,538:CO:SNTL,POINT Z (-107.6762 37.93389 9812),9.4,in,35.0,in,27.86,degF,NRCS
2020-02-16 08:00:00+00:00,538:CO:SNTL,POINT Z (-107.6762 37.93389 9812),9.4,in,35.0,in,32.54,degF,NRCS
2020-02-17 08:00:00+00:00,538:CO:SNTL,POINT Z (-107.6762 37.93389 9812),9.7,in,37.0,in,28.04,degF,NRCS
2020-02-18 08:00:00+00:00,538:CO:SNTL,POINT Z (-107.6762 37.93389 9812),9.7,in,38.0,in,20.3,degF,NRCS
2020-02-19 08:00:00+00:00,538:CO:SNTL,POINT Z (-107.6762 37.93389 9812),9.7,in,37.0,in,25.7,degF,NRCS
2020-02-20 08:00:00+00:00,538:CO:SNTL,POINT Z (-107.6762 37.93389 9812),9.7,in,36.0,in,18.5,degF,NRCS
2020-02-21 08:00:00+00:00,538:CO:SNTL,POINT Z (-107.6762 37.93389 9812),9.7,in,36.0,in,30.2,degF,NRCS
2020-02-22 08:00:00+00:00,538:CO:SNTL,POINT Z (-107.6762 37.93389 9812),9.7,in,35.0,in,33.98,degF,NRCS
2020-02-23 08:00:00+00:00,538:CO:SNTL,POINT Z (-107.6762 37.93389 9812),9.8,in,35.0,in,25.7,degF,NRCS
2020-02-24 08:00:00+00:00,538:CO:SNTL,POINT Z (-107.6762 37.93389 9812),10.1,in,39.0,in,18.32,degF,NRCS
2020-02-25 08:00:00+00:00,538:CO:SNTL,POINT Z (-107.6762 37.93389 9812),10.2,in,39.0,in,9.32,degF,NRCS
2020-02-26 08:00:00+00:00,538:CO:SNTL,POINT Z (-107.6762 37.93389 9812),10.4,in,40.0,in,12.56,degF,NRCS
2020-02-27 08:00:00+00:00,538:CO:SNTL,POINT Z (-107.6762 37.93389 9812),10.5,in,39.0,in,23.54,degF,NRCS
2020-02-28 08:00:00+00:00,538:CO:SNTL,POINT Z (-107.6762 37.93389 9812),10.5,in,38.0,in,25.52,degF,NRCS
2020-02-29 08:00:00+00:00,538:CO:SNTL,POINT Z (-107.6762 37.93389 9812),10.5,in,37.0,in,31.46,degF,NRCS
2020-03-01 08:00:00+00:00,538:CO:SNTL,POINT Z (-107.6762 37.93389 9812),10.5,in,37.0,in,30.38,degF,NRCS
2020-03-02 08:00:00+00:00,538:CO:SNTL,POINT Z (-107.6762 37.93389 9812),10.6,in,37.0,in,25.7,degF,NRCS
2020-03-03 08:00:00+00:00,538:CO:SNTL,POINT Z (-107.6762 37.93389 9812),10.6,in,37.0,in,24.44,degF,NRCS
2020-03-04 08:00:00+00:00,538:CO:SNTL,POINT Z (-107.6762 37.93389 9812),10.6,in,37.0,in,29.66,degF,NRCS
2020-03-05 08:00:00+00:00,538:CO:SNTL,POINT Z (-107.6762 37.93389 9812),10.6,in,36.0,in,30.74,degF,NRCS
2020-03-06 08:00:00+00:00,538:CO:SNTL,POINT Z (-107.6762 37.93389 9812),10.6,in,35.0,in,32.9,degF,NRCS
2020-03-07 08:00:00+00:00,538:CO:SNTL,POINT Z (-107.6762 37.93389 9812),10.6,in,35.0,in,36.68,degF,NRCS
2020-03-08 08:00:00+00:00,538:CO:SNTL,POINT Z (-107.6762 37.93389 9812),10.6,in,35.0,in,34.7,degF,NRCS
2020-03-09 08:00:00+00:00,538:CO:SNTL,POINT Z (-107.6762 37.93389 9812),10.6,in,35.0,in,32.54,degF,NRCS
2020-03-10 08:00:00+00:00,538:CO:SNTL,POINT Z (-107.6762 37.93389 9812),10.6,in,34.0,in,33.26,degF,NRCS
2020-03-11 08:00:00+00:00,538:CO:SNTL,POINT Z (-107.6762 37.93389 9812),10.7,in,35.0,in,36.32,degF,NRCS
2020-03-12 08:00:00+00:00,538:CO:SNTL,POINT Z (-107.6762 37.93389 9812),10.7,in,34.0,in,36.86,degF,NRCS
2020-03-13 08:00:00+00:00,538:CO:SNTL,POINT Z (-107.6762 37.93389 9812),10.7,in,34.0,in,32.0,degF,NRCS
2020-03-14 08:00:00+00:00,538:CO:SNTL,POINT Z (-107.6762 37.93389 9812),11.1,in,38.0,in,30.92,degF,NRCS
2020-03-15 08:00:00+00:00,538:CO:SNTL,POINT Z (-107.6762 37.93389 9812),11.1,in,36.0,in,34.88,degF,NRCS
2020-03-16 08:00:00+00:00,538:CO:SNTL,POINT Z (-107.6762 37.93389 9812),11.1,in,35.0,in,34.34,degF,NRCS
2020-03-17 08:00:00+00:00,538:CO:SNTL,POINT Z (-107.6762 37.93389 9812),11.1,in,35.0,in,34.88,degF,NRCS
2020-03-18 08:00:00+00:00,538:CO:SNTL,POINT Z (-107.6762 37.93389 9812),11.1,in,34.0,in,32.9,degF,NRCS
2020-03-19 08:00:00+00:00,538:CO:SNTL,POINT Z (-107.6762 37.93389 9812),11.4,in,38.0,in,28.58,degF,NRCS
2020-03-20 08:00:00+00:00,538:CO:SNTL,POINT Z (-107.6762 37.93389 9812),11.5,in,39.0,in,26.06,degF,NRCS
2020-03-21 08:00:00+00:00,538:CO:SNTL,POINT Z (-107.6762 37.93389 9812),11.6,in,39.0,in,29.12,degF,NRCS
2020-03-22 08:00:00+00:00,538:CO:SNTL,POINT Z (-107.6762 37.93389 9812),11.6,in,38.0,in,29.84,degF,NRCS
2020-03-23 08:00:00+00:00,538:CO:SNTL,POINT Z (-107.6762 37.93389 9812),11.8,in,39.0,in,29.66,degF,NRCS
2020-03-24 08:00:00+00:00,538:CO:SNTL,POINT Z (-107.6762 37.93389 9812),12.0,in,40.0,in,31.82,degF,NRCS
2020-03-25 08:00:00+00:00,538:CO:SNTL,POINT Z (-107.6762 37.93389 9812),12.0,in,39.0,in,35.6,degF,NRCS
2020-03-26 08:00:00+00:00,538:CO:SNTL,POINT Z (-107.6762 37.93389 9812),12.0,in,38.0,in,39.02,degF,NRCS
2020-03-27 08:00:00+00:00,538:CO:SNTL,POINT Z (-107.6762 37.93389 9812),12.0,in,37.0,in,25.7,degF,NRCS
2020-03-28 08:00:00+00:00,538:CO:SNTL,POINT Z (-107.6762 37.93389 9812),12.3,in,40.0,in,20.84,degF,NRCS
2020-03-29 08:00:00+00:00,538:CO:SNTL,POINT Z (-107.6762 37.93389 9812),12.3,in,40.0,in,26.6,degF,NRCS
2020-03-30 08:00:00+00:00,538:CO:SNTL,POINT Z (-107.6762 37.93389 9812),12.4,in,39.0,in,27.14,degF,NRCS
2020-03-31 08:00:00+00:00,538:CO:SNTL,POINT Z (-107.6762 37.93389 9812),12.6,in,43.0,in,32.54,degF,NRCS
2020-04-01 08:00:00+00:00,538:CO:SNTL,POINT Z (-107.6762 37.93389 9812),12.6,in,39.0,in,38.66,degF,NRCS
2020-04-02 08:00:00+00:00,538:CO:SNTL,POINT Z (-107.6762 37.93389 9812),12.0,in,37.0,in,33.26,degF,NRCS
2020-04-03 08:00:00+00:00,538:CO:SNTL,POINT Z (-107.6762 37.93389 9812),12.3,in,40.0,in,30.92,degF,NRCS
2020-04-04 08:00:00+00:00,538:CO:SNTL,POINT Z (-107.6762 37.93389 9812),12.3,in,38.0,in,35.42,degF,NRCS
2020-04-05 08:00:00+00:00,538:CO:SNTL,POINT Z (-107.6762 37.93389 9812),12.3,in,37.0,in,39.02,degF,NRCS
2020-04-06 08:00:00+00:00,538:CO:SNTL,POINT Z (-107.6762 37.93389 9812),12.2,in,36.0,in,39.74,degF,NRCS
2020-04-07 08:00:00+00:00,538:CO:SNTL,POINT Z (-107.6762 37.93389 9812),12.1,in,35.0,in,39.02,degF,NRCS
2020-04-08 08:00:00+00:00,538:CO:SNTL,POINT Z (-107.6762 37.93389 9812),12.0,in,34.0,in,38.3,degF,NRCS
2020-04-09 08:00:00+00:00,538:CO:SNTL,POINT Z (-107.6762 37.93389 9812),11.8,in,33.0,in,39.92,degF,NRCS
2020-04-10 08:00:00+00:00,538:CO:SNTL,POINT Z (-107.6762 37.93389 9812),11.4,in,32.0,in,36.68,degF,NRCS
2020-04-11 08:00:00+00:00,538:CO:SNTL,POINT Z (-107.6762 37.93389 9812),11.2,in,31.0,in,36.5,degF,NRCS
2020-04-12 08:00:00+00:00,538:CO:SNTL,POINT Z (-107.6762 37.93389 9812),10.8,in,29.0,in,32.18,degF,NRCS
2020-04-13 08:00:00+00:00,538:CO:SNTL,POINT Z (-107.6762 37.93389 9812),11.2,in,31.0,in,24.44,degF,NRCS
2020-04-14 08:00:00+00:00,538:CO:SNTL,POINT Z (-107.6762 37.93389 9812),11.4,in,34.0,in,17.96,degF,NRCS
2020-04-15 08:00:00+00:00,538:CO:SNTL,POINT Z (-107.6762 37.93389 9812),11.4,in,32.0,in,29.48,degF,NRCS
2020-04-16 08:00:00+00:00,538:CO:SNTL,POINT Z (-107.6762 37.93389 9812),11.4,in,30.0,in,33.44,degF,NRCS
2020-04-17 08:00:00+00:00,538:CO:SNTL,POINT Z (-107.6762 37.93389 9812),11.5,in,35.0,in,32.9,degF,NRCS
2020-04-18 08:00:00+00:00,538:CO:SNTL,POINT Z (-107.6762 37.93389 9812),11.5,in,31.0,in,36.14,degF,NRCS
2020-04-19 08:00:00+00:00,538:CO:SNTL,POINT Z (-107.6762 37.93389 9812),11.3,in,29.0,in,35.96,degF,NRCS
2020-04-20 08:00:00+00:00,538:CO:SNTL,POINT Z (-107.6762 37.93389 9812),11.2,in,29.0,in,34.52,degF,NRCS
2020-04-21 08:00:00+00:00,538:CO:SNTL,POINT Z (-107.6762 37.93389 9812),11.0,in,28.0,in,36.14,degF,NRCS
2020-04-22 08:00:00+00:00,538:CO:SNTL,POINT Z (-107.6762 37.93389 9812),10.9,in,30.0,in,37.04,degF,NRCS
2020-04-23 08:00:00+00:00,538:CO:SNTL,POINT Z (-107.6762 37.93389 9812),10.7,in,28.0,in,37.94,degF,NRCS
2020-04-24 08:00:00+00:00,538:CO:SNTL,POINT Z (-107.6762 37.93389 9812),10.4,in,26.0,in,36.32,degF,NRCS
2020-04-25 08:00:00+00:00,538:CO:SNTL,POINT Z (-107.6762 37.93389 9812),10.1,in,25.0,in,37.58,degF,NRCS
2020-04-26 08:00:00+00:00,538:CO:SNTL,POINT Z (-107.6762 37.93389 9812),9.5,in,23.0,in,42.44,degF,NRCS
2020-04-27 08:00:00+00:00,538:CO:SNTL,POINT Z (-107.6762 37.93389 9812),8.8,in,21.0,in,43.34,degF,NRCS
2020-04-28 08:00:00+00:00,538:CO:SNTL,POINT Z (-107.6762 37.93389 9812),8.3,in,20.0,in,44.06,degF,NRCS
2020-04-29 08:00:00+00:00,538:CO:SNTL,POINT Z (-107.6762 37.93389 9812),7.4,in,17.0,in,46.22,degF,NRCS
2020-04-30 08:00:00+00:00,538:CO:SNTL,POINT Z (-107.6762 37.93389 9812),6.6,in,15.0,in,48.38,degF,NRCS
2020-05-01 08:00:00+00:00,538:CO:SNTL,POINT Z (-107.6762 37.93389 9812),5.6,in,13.0,in,48.2,degF,NRCS
2020-05-02 08:00:00+00:00,538:CO:SNTL,POINT Z (-107.6762 37.93389 9812),4.6,in,10.0,in,47.48,degF,NRCS
2020-05-03 08:00:00+00:00,538:CO:SNTL,POINT Z (-107.6762 37.93389 9812),3.8,in,8.0,in,48.2,degF,NRCS
2020-05-04 08:00:00+00:00,538:CO:SNTL,POINT Z (-107.6762 37.93389 9812),2.8,in,6.0,in,43.16,degF,NRCS
2020-05-05 08:00:00+00:00,538:CO:SNTL,POINT Z (-107.6762 37.93389 9812),2.0,in,4.0,in,41.0,degF,NRCS
2020-05-06 08:00:00+00:00,538:CO:SNTL,POINT Z (-107.6762 37.93389 9812),1.1,in,2.0,in,45.86,degF,NRCS
2020-05-07 08:00:00+00:00,538:CO:SNTL,POINT Z (-107.6762 37.93389 9812),0.1,in,1.0,in,43.34,degF,NRCS
2020-05-08 08:00:00+00:00,538:CO:SNTL,POINT Z (-107.6762 37.93389 9812),0.0,in,0.0,in,41.72,degF,NRCS
2020-05-09 08:00:00+00:00,538:CO:SNTL,POINT Z (-107.6762 37.93389 9812),0.0,in,0.0,in,41.72,degF,NRCS
2020-05-10 08:00:00+00:00,538:CO:SNTL,POINT Z (-107.6762 37.93389 9812),0.0,in,0.0,in,46.22,degF,NRCS
2020-05-11 08:00:00+00:00,538:CO:SNTL,POINT Z (-107.6762 37.93389 9812),0.0,in,0.0,in,41.72,degF,NRCS
2020-05-12 08:00:00+00:00,538:CO:SNTL,POINT Z (-107.6762 37.93389 9812),0.0,in,0.0,in,44.96,degF,NRCS
2020-05-13 08:00:00+00:00,538:CO:SNTL,POINT Z (-107.6762 37.93389 9812),0.0,in,0.0,in,43.88,degF,NRCS
2020-05-14 08:00:00+00:00,538:CO:SNTL,POINT Z (-107.6762 37.93389 9812),0.0,in,0.0,in,44.24,degF,NRCS
2020-05-15 08:00:00+00:00,538:CO:SNTL,POINT Z (-107.6762 37.93389 9812),0.0,in,0.0,in,44.06,degF,NRCS
2020-05-16 08:00:00+00:00,538:CO:SNTL,POINT Z (-107.6762 37.93389 9812),0.0,in,0.0,in,46.76,degF,NRCS
2020-05-17 08:00:00+00:00,538:CO:SNTL,POINT Z (-107.6762 37.93389 9812),0.0,in,0.0,in,51.08,degF,NRCS
2020-05-18 08:00:00+00:00,538:CO:SNTL,POINT Z (-107.6762 37.93389 9812),0.0,in,0.0,in,52.88,degF,NRCS
2020-05-19 08:00:00+00:00,538:CO:SNTL,POINT Z (-107.6762 37.93389 9812),0.0,in,0.0,in,51.44,degF,NRCS
2020-05-20 08:00:00+00:00,538:CO:SNTL,POINT Z (-107.6762 37.93389 9812),0.0,in,0.0,in,44.06,degF,NRCS
2020-05-21 08:00:00+00:00,538:CO:SNTL,POINT Z (-107.6762 37.93389 9812),0.0,in,0.0,in,41.18,degF,NRCS
2020-05-22 08:00:00+00:00,538:CO:SNTL,POINT Z (-107.6762 37.93389 9812),0.0,in,0.0,in,46.04,degF,NRCS
2020-05-23 08:00:00+00:00,538:CO:SNTL,POINT Z (-107.6762 37.93389 9812),0.0,in,0.0,in,45.86,degF,NRCS
2020-05-24 08:00:00+00:00,538:CO:SNTL,POINT Z (-107.6762 37.93389 9812),0.0,in,0.0,in,39.92,degF,NRCS
2020-05-25 08:00:00+00:00,538:CO:SNTL,POINT Z (-107.6762 37.93389 9812),0.0,in,0.0,in,40.82,degF,NRCS
2020-05-26 08:00:00+00:00,538:CO:SNTL,POINT Z (-107.6762 37.93389 9812),0.0,in,0.0,in,46.76,degF,NRCS
2020-05-27 08:00:00+00:00,538:CO:SNTL,POINT Z (-107.6762 37.93389 9812),0.0,in,0.0,in,48.74,degF,NRCS
2020-05-28 08:00:00+00:00,538:CO:SNTL,POINT Z (-107.6762 37.93389 9812),0.0,in,0.0,in,53.42,degF,NRCS
2020-05-29 08:00:00+00:00,538:CO:SNTL,POINT Z (-107.6762 37.93389 9812),0.0,in,0.0,in,53.24,degF,NRCS
2020-05-30 08:00:00+00:00,538:CO:SNTL,POINT Z (-107.6762 37.93389 9812),0.0,in,0.0,in,53.42,degF,NRCS
2020-05-31 08:00:00+00:00,538:CO:SNTL,POINT Z (-107.6762 37.93389 9812),0.0,in,0.0,in,51.08,degF,NRCS
2020-06-01 08:00:00+00:00,538:CO:SNTL,POINT Z (-107.6762 37.93389 9812),0.0,in,0.0,in,52.88,degF,NRCS
2020-06-02 08:00:00+00:00,538:CO:SNTL,POINT Z (-107.6762 37.93389 9812),0.0,in,0.0,in,55.04,degF,NRCS
2020-06-03 08:00:00+00:00,538:CO:SNTL,POINT Z (-107.6762 37.93389 9812),0.0,in,0.0,in,55.04,degF,NRCS
2020-06-04 08:00:00+00:00,538:CO:SNTL,POINT Z (-107.6762 37.93389 9812),0.0,in,0.0,in,55.4,degF,NRCS
2020-06-05 08:00:00+00:00,538:CO:SNTL,POINT Z (-107.6762 37.93389 9812),0.0,in,0.0,in,54.32,degF,NRCS
2020-06-06 08:00:00+00:00,538:CO:SNTL,POINT Z (-107.6762 37.93389 9812),0.0,in,0.0,in,50.18,degF,NRCS
2020-06-07 08:00:00+00:00,538:CO:SNTL,POINT Z (-107.6762 37.93389 9812),0.0,in,0.0,in,51.8,degF,NRCS
2020-06-08 08:00:00+00:00,538:CO:SNTL,POINT Z (-107.6762 37.93389 9812),0.0,in,0.0,in,41.9,degF,NRCS
2020-06-09 08:00:00+00:00,538:CO:SNTL,POINT Z (-107.6762 37.93389 9812),0.2,in,1.0,in,36.32,degF,NRCS
2020-06-10 08:00:00+00:00,538:CO:SNTL,POINT Z (-107.6762 37.93389 9812),0.0,in,0.0,in,45.32,degF,NRCS
2020-06-11 08:00:00+00:00,538:CO:SNTL,POINT Z (-107.6762 37.93389 9812),0.0,in,0.0,in,51.08,degF,NRCS
2020-06-12 08:00:00+00:00,538:CO:SNTL,POINT Z (-107.6762 37.93389 9812),0.0,in,0.0,in,56.48,degF,NRCS
2020-06-13 08:00:00+00:00,538:CO:SNTL,POINT Z (-107.6762 37.93389 9812),0.0,in,0.0,in,51.98,degF,NRCS
2020-06-14 08:00:00+00:00,538:CO:SNTL,POINT Z (-107.6762 37.93389 9812),0.0,in,0.0,in,52.88,degF,NRCS
2020-06-15 08:00:00+00:00,538:CO:SNTL,POINT Z (-107.6762 37.93389 9812),0.0,in,0.0,in,53.6,degF,NRCS
2020-06-16 08:00:00+00:00,538:CO:SNTL,POINT Z (-107.6762 37.93389 9812),0.0,in,0.0,in,56.12,degF,NRCS
2020-06-17 08:00:00+00:00,538:CO:SNTL,POINT Z (-107.6762 37.93389 9812),0.0,in,0.0,in,53.96,degF,NRCS
2020-06-18 08:00:00+00:00,538:CO:SNTL,POINT Z (-107.6762 37.93389 9812),0.0,in,0.0,in,50.0,degF,NRCS
2020-06-19 08:00:00+00:00,538:CO:SNTL,POINT Z (-107.6762 37.93389 9812),0.0,in,0.0,in,49.46,degF,NRCS
2020-06-20 08:00:00+00:00,538:CO:SNTL,POINT Z (-107.6762 37.93389 9812),0.0,in,0.0,in,51.44,degF,NRCS
2020-06-21 08:00:00+00:00,538:CO:SNTL,POINT Z (-107.6762 37.93389 9812),0.0,in,0.0,in,54.5,degF,NRCS
2020-06-22 08:00:00+00:00,538:CO:SNTL,POINT Z (-107.6762 37.93389 9812),0.0,in,0.0,in,55.76,degF,NRCS
2020-06-23 08:00:00+00:00,538:CO:SNTL,POINT Z (-107.6762 37.93389 9812),0.0,in,0.0,in,57.02,degF,NRCS
2020-06-24 08:00:00+00:00,538:CO:SNTL,POINT Z (-107.6762 37.93389 9812),0.0,in,0.0,in,58.82,degF,NRCS
2020-06-25 08:00:00+00:00,538:CO:SNTL,POINT Z (-107.6762 37.93389 9812),0.0,in,0.0,in,53.78,degF,NRCS
2020-06-26 08:00:00+00:00,538:CO:SNTL,POINT Z (-107.6762 37.93389 9812),0.0,in,0.0,in,57.02,degF,NRCS
2020-06-27 08:00:00+00:00,538:CO:SNTL,POINT Z (-107.6762 37.93389 9812),0.0,in,0.0,in,53.24,degF,NRCS
2020-06-28 08:00:00+00:00,538:CO:SNTL,POINT Z (-107.6762 37.93389 9812),0.0,in,0.0,in,57.74,degF,NRCS
2020-06-29 08:00:00+00:00,538:CO:SNTL,POINT Z (-107.6762 37.93389 9812),0.0,in,0.0,in,56.48,degF,NRCS
2020-06-30 08:00:00+00:00,538:CO:SNTL,POINT Z (-107.6762 37.93389 9812),0.0,in,0.0,in,47.84,degF,NRCS
2020-07-01 08:00:00+00:00,538:CO:SNTL,POINT Z (-107.6762 37.93389 9812),0.0,in,0.0,in,51.62,degF,NRCS
2020-07-02 08:00:00+00:00,538:CO:SNTL,POINT Z (-107.6762 37.93389 9812),0.0,in,0.0,in,55.04,degF,NRCS
2020-07-03 08:00:00+00:00,538:CO:SNTL,POINT Z (-107.6762 37.93389 9812),0.0,in,0.0,in,54.86,degF,NRCS
2020-07-04 08:00:00+00:00,538:CO:SNTL,POINT Z (-107.6762 37.93389 9812),0.0,in,0.0,in,51.98,degF,NRCS
2020-07-05 08:00:00+00:00,538:CO:SNTL,POINT Z (-107.6762 37.93389 9812),0.0,in,0.0,in,56.12,degF,NRCS
2020-07-06 08:00:00+00:00,538:CO:SNTL,POINT Z (-107.6762 37.93389 9812),0.0,in,0.0,in,59.18,degF,NRCS
2020-07-07 08:00:00+00:00,538:CO:SNTL,POINT Z (-107.6762 37.93389 9812),0.0,in,0.0,in,58.28,degF,NRCS
2020-07-08 08:00:00+00:00,538:CO:SNTL,POINT Z (-107.6762 37.93389 9812),0.0,in,0.0,in,55.58,degF,NRCS
2020-07-09 08:00:00+00:00,538:CO:SNTL,POINT Z (-107.6762 37.93389 9812),0.0,in,0.0,in,58.28,degF,NRCS
2020-07-10 08:00:00+00:00,538:CO:SNTL,POINT Z (-107.6762 37.93389 9812),0.0,in,0.0,in,59.18,degF,NRCS
2020-07-11 08:00:00+00:00,538:CO:SNTL,POINT Z (-107.6762 37.93389 9812),0.0,in,0.0,in,60.8,degF,NRCS
2020-07-12 08:00:00+00:00,538:CO:SNTL,POINT Z (-107.6762 37.93389 9812),0.0,in,0.0,in,61.52,degF,NRCS
2020-07-13 08:00:00+00:00,538:CO:SNTL,POINT Z (-107.6762 37.93389 9812),0.0,in,0.0,in,59.36,degF,NRCS
2020-07-14 08:00:00+00:00,538:CO:SNTL,POINT Z (-107.6762 37.93389 9812),0.0,in,0.0,in,58.1,degF,NRCS
2020-07-15 08:00:00+00:00,538:CO:SNTL,POINT Z (-107.6762 37.93389 9812),0.0,in,0.0,in,55.58,degF,NRCS
2020-07-16 08:00:00+00:00,538:CO:SNTL,POINT Z (-107.6762 37.93389 9812),0.0,in,0.0,in,55.04,degF,NRCS
2020-07-17 08:00:00+00:00,538:CO:SNTL,POINT Z (-107.6762 37.93389 9812),0.0,in,0.0,in,55.04,degF,NRCS
2020-07-18 08:00:00+00:00,538:CO:SNTL,POINT Z (-107.6762 37.93389 9812),0.0,in,0.0,in,56.3,degF,NRCS
2020-07-19 08:00:00+00:00,538:CO:SNTL,POINT Z (-107.6762 37.93389 9812),0.0,in,0.0,in,57.02,degF,NRCS
2020-07-20 08:00:00+00:00,538:CO:SNTL,POINT Z (-107.6762 37.93389 9812),0.0,in,0.0,in,57.2,degF,NRCS
2020-07-21 08:00:00+00:00,538:CO:SNTL,POINT Z (-107.6762 37.93389 9812),0.0,in,0.0,in,55.4,degF,NRCS
2020-07-22 08:00:00+00:00,538:CO:SNTL,POINT Z (-107.6762 37.93389 9812),0.0,in,0.0,in,52.88,degF,NRCS
2020-07-23 08:00:00+00:00,538:CO:SNTL,POINT Z (-107.6762 37.93389 9812),0.0,in,0.0,in,52.52,degF,NRCS
2020-07-24 08:00:00+00:00,538:CO:SNTL,POINT Z (-107.6762 37.93389 9812),0.0,in,0.0,in,51.62,degF,NRCS
2020-07-25 08:00:00+00:00,538:CO:SNTL,POINT Z (-107.6762 37.93389 9812),0.0,in,0.0,in,51.44,degF,NRCS
2020-07-26 08:00:00+00:00,538:CO:SNTL,POINT Z (-107.6762 37.93389 9812),0.0,in,0.0,in,54.68,degF,NRCS
2020-07-27 08:00:00+00:00,538:CO:SNTL,POINT Z (-107.6762 37.93389 9812),0.0,in,0.0,in,54.68,degF,NRCS
2020-07-28 08:00:00+00:00,538:CO:SNTL,POINT Z (-107.6762 37.93389 9812),0.0,in,0.0,in,54.68,degF,NRCS
2020-07-29 08:00:00+00:00,538:CO:SNTL,POINT Z (-107.6762 37.93389 9812),0.0,in,0.0,in,56.12,degF,NRCS
2020-07-30 08:00:00+00:00,538:CO:SNTL,POINT Z (-107.6762 37.93389 9812),0.0,in,0.0,in,55.94,degF,NRCS
2020-07-31 08:00:00+00:00,538:CO:SNTL,POINT Z (-107.6762 37.93389 9812),0.0,in,0.0,in,56.84,degF,NRCS
2020-08-01 08:00:00+00:00,538:CO:SNTL,POINT Z (-107.6762 37.93389 9812),0.0,in,0.0,in,59.54,degF,NRCS
2020-08-02 08:00:00+00:00,538:CO:SNTL,POINT Z (-107.6762 37.93389 9812),0.0,in,0.0,in,57.92,degF,NRCS
2020-08-03 08:00:00+00:00,538:CO:SNTL,POINT Z (-107.6762 37.93389 9812),0.0,in,0.0,in,60.26,degF,NRCS
2020-08-04 08:00:00+00:00,538:CO:SNTL,POINT Z (-107.6762 37.93389 9812),0.0,in,0.0,in,59.36,degF,NRCS
2020-08-05 08:00:00+00:00,538:CO:SNTL,POINT Z (-107.6762 37.93389 9812),0.0,in,0.0,in,55.04,degF,NRCS
2020-08-06 08:00:00+00:00,538:CO:SNTL,POINT Z (-107.6762 37.93389 9812),0.0,in,0.0,in,55.94,degF,NRCS
2020-08-07 08:00:00+00:00,538:CO:SNTL,POINT Z (-107.6762 37.93389 9812),0.0,in,0.0,in,55.94,degF,NRCS
2020-08-08 08:00:00+00:00,538:CO:SNTL,POINT Z (-107.6762 37.93389 9812),0.0,in,0.0,in,55.4,degF,NRCS
2020-08-09 08:00:00+00:00,538:CO:SNTL,POINT Z (-107.6762 37.93389 9812),0.0,in,0.0,in,54.5,degF,NRCS
2020-08-10 08:00:00+00:00,538:CO:SNTL,POINT Z (-107.6762 37.93389 9812),0.0,in,0.0,in,55.76,degF,NRCS
2020-08-11 08:00:00+00:00,538:CO:SNTL,POINT Z (-107.6762 37.93389 9812),0.0,in,0.0,in,56.48,degF,NRCS
2020-08-12 08:00:00+00:00,538:CO:SNTL,POINT Z (-107.6762 37.93389 9812),0.0,in,0.0,in,57.02,degF,NRCS
2020-08-13 08:00:00+00:00,538:CO:SNTL,POINT Z (-107.6762 37.93389 9812),0.0,in,0.0,in,57.2,degF,NRCS
2020-08-14 08:00:00+00:00,538:CO:SNTL,POINT Z (-107.6762 37.93389 9812),0.0,in,0.0,in,58.1,degF,NRCS
2020-08-15 08:00:00+00:00,538:CO:SNTL,POINT Z (-107.6762 37.93389 9812),0.0,in,0.0,in,58.1,degF,NRCS
2020-08-16 08:00:00+00:00,538:CO:SNTL,POINT Z (-107.6762 37.93389 9812),0.0,in,0.0,in,58.64,degF,NRCS
2020-08-17 08:00:00+00:00,538:CO:SNTL,POINT Z (-107.6762 37.93389 9812),0.0,in,0.0,in,60.44,degF,NRCS
2020-08-18 08:00:00+00:00,538:CO:SNTL,POINT Z (-107.6762 37.93389 9812),0.0,in,0.0,in,61.52,degF,NRCS
2020-08-19 08:00:00+00:00,538:CO:SNTL,POINT Z (-107.6762 37.93389 9812),0.0,in,0.0,in,60.98,degF,NRCS
2020-08-20 08:00:00+00:00,538:CO:SNTL,POINT Z (-107.6762 37.93389 9812),0.0,in,0.0,in,60.08,degF,NRCS
2020-08-21 08:00:00+00:00,538:CO:SNTL,POINT Z (-107.6762 37.93389 9812),0.0,in,0.0,in,58.82,degF,NRCS
2020-08-22 08:00:00+00:00,538:CO:SNTL,POINT Z (-107.6762 37.93389 9812),0.0,in,0.0,in,60.62,degF,NRCS
2020-08-23 08:00:00+00:00,538:CO:SNTL,POINT Z (-107.6762 37.93389 9812),0.0,in,0.0,in,60.62,degF,NRCS
2020-08-24 08:00:00+00:00,538:CO:SNTL,POINT Z (-107.6762 37.93389 9812),0.0,in,0.0,in,58.1,degF,NRCS
2020-08-25 08:00:00+00:00,538:CO:SNTL,POINT Z (-107.6762 37.93389 9812),0.0,in,0.0,in,55.94,degF,NRCS
2020-08-26 08:00:00+00:00,538:CO:SNTL,POINT Z (-107.6762 37.93389 9812),0.0,in,0.0,in,55.22,degF,NRCS
2020-08-27 08:00:00+00:00,538:CO:SNTL,POINT Z (-107.6762 37.93389 9812),0.0,in,0.0,in,53.06,degF,NRCS
2020-08-28 08:00:00+00:00,538:CO:SNTL,POINT Z (-107.6762 37.93389 9812),0.0,in,0.0,in,53.24,degF,NRCS
2020-08-29 08:00:00+00:00,538:CO:SNTL,POINT Z (-107.6762 37.93389 9812),0.0,in,0.0,in,50.72,degF,NRCS
2020-08-30 08:00:00+00:00,538:CO:SNTL,POINT Z (-107.6762 37.93389 9812),0.0,in,0.0,in,48.74,degF,NRCS
2020-08-31 08:00:00+00:00,538:CO:SNTL,POINT Z (-107.6762 37.93389 9812),0.0,in,0.0,in,53.42,degF,NRCS
2020-09-01 08:00:00+00:00,538:CO:SNTL,POINT Z (-107.6762 37.93389 9812),0.0,in,0.0,in,45.32,degF,NRCS
2020-09-02 08:00:00+00:00,538:CO:SNTL,POINT Z (-107.6762 37.93389 9812),0.0,in,0.0,in,49.82,degF,NRCS
2020-09-03 08:00:00+00:00,538:CO:SNTL,POINT Z (-107.6762 37.93389 9812),0.0,in,0.0,in,52.52,degF,NRCS
2020-09-04 08:00:00+00:00,538:CO:SNTL,POINT Z (-107.6762 37.93389 9812),0.0,in,0.0,in,56.3,degF,NRCS
2020-09-05 08:00:00+00:00,538:CO:SNTL,POINT Z (-107.6762 37.93389 9812),0.0,in,0.0,in,57.38,degF,NRCS
2020-09-06 08:00:00+00:00,538:CO:SNTL,POINT Z (-107.6762 37.93389 9812),0.0,in,0.0,in,56.48,degF,NRCS
2020-09-07 08:00:00+00:00,538:CO:SNTL,POINT Z (-107.6762 37.93389 9812),0.0,in,0.0,in,54.32,degF,NRCS
2020-09-08 08:00:00+00:00,538:CO:SNTL,POINT Z (-107.6762 37.93389 9812),0.0,in,0.0,in,39.2,degF,NRCS
2020-09-09 08:00:00+00:00,538:CO:SNTL,POINT Z (-107.6762 37.93389 9812),0.5,in,4.0,in,32.9,degF,NRCS
2020-09-10 08:00:00+00:00,538:CO:SNTL,POINT Z (-107.6762 37.93389 9812),0.3,in,2.0,in,35.96,degF,NRCS
2020-09-11 08:00:00+00:00,538:CO:SNTL,POINT Z (-107.6762 37.93389 9812),0.3,in,2.0,in,40.28,degF,NRCS
2020-09-12 08:00:00+00:00,538:CO:SNTL,POINT Z (-107.6762 37.93389 9812),0.0,in,0.0,in,44.78,degF,NRCS
2020-09-13 08:00:00+00:00,538:CO:SNTL,POINT Z (-107.6762 37.93389 9812),0.0,in,0.0,in,48.74,degF,NRCS
2020-09-14 08:00:00+00:00,538:CO:SNTL,POINT Z (-107.6762 37.93389 9812),0.0,in,0.0,in,48.74,degF,NRCS
2020-09-15 08:00:00+00:00,538:CO:SNTL,POINT Z (-107.6762 37.93389 9812),0.0,in,0.0,in,48.2,degF,NRCS
2020-09-16 08:00:00+00:00,538:CO:SNTL,POINT Z (-107.6762 37.93389 9812),0.0,in,0.0,in,49.28,degF,NRCS
2020-09-17 08:00:00+00:00,538:CO:SNTL,POINT Z (-107.6762 37.93389 9812),0.0,in,0.0,in,49.1,degF,NRCS
2020-09-18 08:00:00+00:00,538:CO:SNTL,POINT Z (-107.6762 37.93389 9812),0.0,in,0.0,in,50.36,degF,NRCS
2020-09-19 08:00:00+00:00,538:CO:SNTL,POINT Z (-107.6762 37.93389 9812),0.0,in,0.0,in,50.54,degF,NRCS
2020-09-20 08:00:00+00:00,538:CO:SNTL,POINT Z (-107.6762 37.93389 9812),0.0,in,0.0,in,50.0,degF,NRCS
2020-09-21 08:00:00+00:00,538:CO:SNTL,POINT Z (-107.6762 37.93389 9812),0.0,in,0.0,in,49.28,degF,NRCS
2020-09-22 08:00:00+00:00,538:CO:SNTL,POINT Z (-107.6762 37.93389 9812),0.0,in,0.0,in,46.94,degF,NRCS
2020-09-23 08:00:00+00:00,538:CO:SNTL,POINT Z (-107.6762 37.93389 9812),0.0,in,0.0,in,46.94,degF,NRCS
2020-09-24 08:00:00+00:00,538:CO:SNTL,POINT Z (-107.6762 37.93389 9812),0.0,in,0.0,in,50.18,degF,NRCS
2020-09-25 08:00:00+00:00,538:CO:SNTL,POINT Z (-107.6762 37.93389 9812),0.0,in,0.0,in,51.8,degF,NRCS
2020-09-26 08:00:00+00:00,538:CO:SNTL,POINT Z (-107.6762 37.93389 9812),0.0,in,0.0,in,50.18,degF,NRCS
2020-09-27 08:00:00+00:00,538:CO:SNTL,POINT Z (-107.6762 37.93389 9812),0.0,in,0.0,in,47.12,degF,NRCS
2020-09-28 08:00:00+00:00,538:CO:SNTL,POINT Z (-107.6762 37.93389 9812),0.0,in,0.0,in,37.04,degF,NRCS
2020-09-29 08:00:00+00:00,538:CO:SNTL,POINT Z (-107.6762 37.93389 9812),0.0,in,0.0,in,43.88,degF,NRCS
2020-09-30 08:00:00+00:00,538:CO:SNTL,POINT Z (-107.6762 37.93389 9812),0.0,in,0.0,in,45.5,degF,NRCS
2020-10-01 08:00:00+00:00,538:CO:SNTL,POINT Z (-107.6762 37.93389 9812),0.0,in,0.0,in,44.78,degF,NRCS
2020-10-02 08:00:00+00:00,538:CO:SNTL,POINT Z (-107.6762 37.93389 9812),0.0,in,0.0,in,44.6,degF,NRCS
2020-10-03 08:00:00+00:00,538:CO:SNTL,POINT Z (-107.6762 37.93389 9812),0.0,in,0.0,in,43.7,degF,NRCS
2020-10-04 08:00:00+00:00,538:CO:SNTL,POINT Z (-107.6762 37.93389 9812),0.0,in,0.0,in,45.14,degF,NRCS
2020-10-05 08:00:00+00:00,538:CO:SNTL,POINT Z (-107.6762 37.93389 9812),0.0,in,0.0,in,45.5,degF,NRCS
2020-10-06 08:00:00+00:00,538:CO:SNTL,POINT Z (-107.6762 37.93389 9812),0.0,in,0.0,in,48.02,degF,NRCS
2020-10-07 08:00:00+00:00,538:CO:SNTL,POINT Z (-107.6762 37.93389 9812),0.0,in,0.0,in,49.28,degF,NRCS
2020-10-08 08:00:00+00:00,538:CO:SNTL,POINT Z (-107.6762 37.93389 9812),0.0,in,0.0,in,47.3,degF,NRCS
2020-10-09 08:00:00+00:00,538:CO:SNTL,POINT Z (-107.6762 37.93389 9812),0.0,in,0.0,in,47.84,degF,NRCS
2020-10-10 08:00:00+00:00,538:CO:SNTL,POINT Z (-107.6762 37.93389 9812),0.0,in,0.0,in,47.84,degF,NRCS
2020-10-11 08:00:00+00:00,538:CO:SNTL,POINT Z (-107.6762 37.93389 9812),0.0,in,0.0,in,41.36,degF,NRCS
2020-10-12 08:00:00+00:00,538:CO:SNTL,POINT Z (-107.6762 37.93389 9812),0.0,in,0.0,in,38.3,degF,NRCS
2020-10-13 08:00:00+00:00,538:CO:SNTL,POINT Z (-107.6762 37.93389 9812),0.0,in,0.0,in,43.52,degF,NRCS
2020-10-14 08:00:00+00:00,538:CO:SNTL,POINT Z (-107.6762 37.93389 9812),0.0,in,0.0,in,50.54,degF,NRCS
2020-10-15 08:00:00+00:00,538:CO:SNTL,POINT Z (-107.6762 37.93389 9812),0.0,in,0.0,in,39.2,degF,NRCS
2020-10-16 08:00:00+00:00,538:CO:SNTL,POINT Z (-107.6762 37.93389 9812),0.0,in,0.0,in,39.2,degF,NRCS
2020-10-17 08:00:00+00:00,538:CO:SNTL,POINT Z (-107.6762 37.93389 9812),0.0,in,0.0,in,42.98,degF,NRCS
2020-10-18 08:00:00+00:00,538:CO:SNTL,POINT Z (-107.6762 37.93389 9812),0.0,in,0.0,in,43.88,degF,NRCS
2020-10-19 08:00:00+00:00,538:CO:SNTL,POINT Z (-107.6762 37.93389 9812),0.0,in,0.0,in,42.44,degF,NRCS
2020-10-20 08:00:00+00:00,538:CO:SNTL,POINT Z (-107.6762 37.93389 9812),0.0,in,0.0,in,42.98,degF,NRCS
2020-10-21 08:00:00+00:00,538:CO:SNTL,POINT Z (-107.6762 37.93389 9812),0.0,in,0.0,in,43.7,degF,NRCS
2020-10-22 08:00:00+00:00,538:CO:SNTL,POINT Z (-107.6762 37.93389 9812),0.0,in,0.0,in,44.24,degF,NRCS
2020-10-23 08:00:00+00:00,538:CO:SNTL,POINT Z (-107.6762 37.93389 9812),0.0,in,0.0,in,42.26,degF,NRCS
2020-10-24 08:00:00+00:00,538:CO:SNTL,POINT Z (-107.6762 37.93389 9812),0.0,in,0.0,in,47.12,degF,NRCS
2020-10-25 08:00:00+00:00,538:CO:SNTL,POINT Z (-107.6762 37.93389 9812),0.0,in,0.0,in,36.68,degF,NRCS
2020-10-26 08:00:00+00:00,538:CO:SNTL,POINT Z (-107.6762 37.93389 9812),0.4,in,4.0,in,10.58,degF,NRCS
2020-10-27 08:00:00+00:00,538:CO:SNTL,POINT Z (-107.6762 37.93389 9812),0.4,in,6.0,in,17.6,degF,NRCS
2020-10-28 08:00:00+00:00,538:CO:SNTL,POINT Z (-107.6762 37.93389 9812),0.5,in,4.0,in,24.8,degF,NRCS
2020-10-29 08:00:00+00:00,538:CO:SNTL,POINT Z (-107.6762 37.93389 9812),0.6,in,3.0,in,31.1,degF,NRCS
2020-10-30 08:00:00+00:00,538:CO:SNTL,POINT Z (-107.6762 37.93389 9812),0.6,in,3.0,in,33.44,degF,NRCS
2020-10-31 08:00:00+00:00,538:CO:SNTL,POINT Z (-107.6762 37.93389 9812),0.6,in,3.0,in,34.88,degF,NRCS
2020-11-01 08:00:00+00:00,538:CO:SNTL,POINT Z (-107.6762 37.93389 9812),0.6,in,2.0,in,38.66,degF,NRCS
2020-11-02 08:00:00+00:00,538:CO:SNTL,POINT Z (-107.6762 37.93389 9812),0.5,in,1.0,in,39.56,degF,NRCS
2020-11-03 08:00:00+00:00,538:CO:SNTL,POINT Z (-107.6762 37.93389 9812),0.3,in,1.0,in,40.46,degF,NRCS
2020-11-04 08:00:00+00:00,538:CO:SNTL,POINT Z (-107.6762 37.93389 9812),0.1,in,1.0,in,38.12,degF,NRCS
2020-11-05 08:00:00+00:00,538:CO:SNTL,POINT Z (-107.6762 37.93389 9812),0.0,in,0.0,in,40.28,degF,NRCS
2020-11-06 08:00:00+00:00,538:CO:SNTL,POINT Z (-107.6762 37.93389 9812),0.0,in,0.0,in,43.16,degF,NRCS
2020-11-07 08:00:00+00:00,538:CO:SNTL,POINT Z (-107.6762 37.93389 9812),0.0,in,0.0,in,36.5,degF,NRCS
2020-11-08 08:00:00+00:00,538:CO:SNTL,POINT Z (-107.6762 37.93389 9812),0.5,in,1.0,in,26.24,degF,NRCS
2020-11-09 08:00:00+00:00,538:CO:SNTL,POINT Z (-107.6762 37.93389 9812),0.8,in,6.0,in,21.38,degF,NRCS
2020-11-10 08:00:00+00:00,538:CO:SNTL,POINT Z (-107.6762 37.93389 9812),1.2,in,11.0,in,15.62,degF,NRCS
2020-11-11 08:00:00+00:00,538:CO:SNTL,POINT Z (-107.6762 37.93389 9812),1.2,in,9.0,in,20.48,degF,NRCS
2020-11-12 08:00:00+00:00,538:CO:SNTL,POINT Z (-107.6762 37.93389 9812),1.3,in,7.0,in,22.28,degF,NRCS
2020-11-13 08:00:00+00:00,538:CO:SNTL,POINT Z (-107.6762 37.93389 9812),1.3,in,7.0,in,29.3,degF,NRCS
2020-11-14 08:00:00+00:00,538:CO:SNTL,POINT Z (-107.6762 37.93389 9812),1.3,in,7.0,in,21.2,degF,NRCS
2020-11-15 08:00:00+00:00,538:CO:SNTL,POINT Z (-107.6762 37.93389 9812),1.6,in,12.0,in,28.04,degF,NRCS
2020-11-16 08:00:00+00:00,538:CO:SNTL,POINT Z (-107.6762 37.93389 9812),1.7,in,10.0,in,30.02,degF,NRCS
2020-11-17 08:00:00+00:00,538:CO:SNTL,POINT Z (-107.6762 37.93389 9812),1.7,in,9.0,in,34.88,degF,NRCS
2020-11-18 08:00:00+00:00,538:CO:SNTL,POINT Z (-107.6762 37.93389 9812),1.7,in,9.0,in,41.54,degF,NRCS
2020-11-19 08:00:00+00:00,538:CO:SNTL,POINT Z (-107.6762 37.93389 9812),1.7,in,8.0,in,37.94,degF,NRCS
2020-11-20 08:00:00+00:00,538:CO:SNTL,POINT Z (-107.6762 37.93389 9812),1.7,in,7.0,in,38.66,degF,NRCS
2020-11-21 08:00:00+00:00,538:CO:SNTL,POINT Z (-107.6762 37.93389 9812),1.7,in,7.0,in,35.06,degF,NRCS
2020-11-22 08:00:00+00:00,538:CO:SNTL,POINT Z (-107.6762 37.93389 9812),1.7,in,7.0,in,33.8,degF,NRCS
2020-11-23 08:00:00+00:00,538:CO:SNTL,POINT Z (-107.6762 37.93389 9812),1.8,in,7.0,in,34.88,degF,NRCS
2020-11-24 08:00:00+00:00,538:CO:SNTL,POINT Z (-107.6762 37.93389 9812),2.3,in,12.0,in,23.0,degF,NRCS
2020-11-25 08:00:00+00:00,538:CO:SNTL,POINT Z (-107.6762 37.93389 9812),2.7,in,17.0,in,20.12,degF,NRCS
2020-11-26 08:00:00+00:00,538:CO:SNTL,POINT Z (-107.6762 37.93389 9812),2.7,in,15.0,in,21.56,degF,NRCS
2020-11-27 08:00:00+00:00,538:CO:SNTL,POINT Z (-107.6762 37.93389 9812),2.7,in,15.0,in,16.7,degF,NRCS
2020-11-28 08:00:00+00:00,538:CO:SNTL,POINT Z (-107.6762 37.93389 9812),2.7,in,15.0,in,17.06,degF,NRCS
2020-11-29 08:00:00+00:00,538:CO:SNTL,POINT Z (-107.6762 37.93389 9812),2.7,in,14.0,in,17.6,degF,NRCS
2020-11-30 08:00:00+00:00,538:CO:SNTL,POINT Z (-107.6762 37.93389 9812),2.7,in,14.0,in,20.3,degF,NRCS
2020-12-01 08:00:00+00:00,538:CO:SNTL,POINT Z (-107.6762 37.93389 9812),2.7,in,14.0,in,17.96,degF,NRCS
2020-12-02 08:00:00+00:00,538:CO:SNTL,POINT Z (-107.6762 37.93389 9812),2.8,in,15.0,in,10.76,degF,NRCS
2020-12-03 08:00:00+00:00,538:CO:SNTL,POINT Z (-107.6762 37.93389 9812),2.8,in,15.0,in,11.84,degF,NRCS
2020-12-04 08:00:00+00:00,538:CO:SNTL,POINT Z (-107.6762 37.93389 9812),2.8,in,15.0,in,23.72,degF,NRCS
2020-12-05 08:00:00+00:00,538:CO:SNTL,POINT Z (-107.6762 37.93389 9812),2.8,in,14.0,in,24.98,degF,NRCS
2020-12-06 08:00:00+00:00,538:CO:SNTL,POINT Z (-107.6762 37.93389 9812),2.8,in,14.0,in,24.26,degF,NRCS
2020-12-07 08:00:00+00:00,538:CO:SNTL,POINT Z (-107.6762 37.93389 9812),2.8,in,14.0,in,26.42,degF,NRCS
2020-12-08 08:00:00+00:00,538:CO:SNTL,POINT Z (-107.6762 37.93389 9812),2.8,in,14.0,in,29.3,degF,NRCS
2020-12-09 08:00:00+00:00,538:CO:SNTL,POINT Z (-107.6762 37.93389 9812),2.8,in,13.0,in,29.48,degF,NRCS
2020-12-10 08:00:00+00:00,538:CO:SNTL,POINT Z (-107.6762 37.93389 9812),2.8,in,13.0,in,26.78,degF,NRCS
2020-12-11 08:00:00+00:00,538:CO:SNTL,POINT Z (-107.6762 37.93389 9812),2.9,in,16.0,in,19.04,degF,NRCS
2020-12-12 08:00:00+00:00,538:CO:SNTL,POINT Z (-107.6762 37.93389 9812),3.0,in,20.0,in,15.98,degF,NRCS
2020-12-13 08:00:00+00:00,538:CO:SNTL,POINT Z (-107.6762 37.93389 9812),3.7,in,25.0,in,10.22,degF,NRCS
2020-12-14 08:00:00+00:00,538:CO:SNTL,POINT Z (-107.6762 37.93389 9812),3.8,in,22.0,in,21.02,degF,NRCS
2020-12-15 08:00:00+00:00,538:CO:SNTL,POINT Z (-107.6762 37.93389 9812),4.0,in,25.0,in,10.94,degF,NRCS
2020-12-16 08:00:00+00:00,538:CO:SNTL,POINT Z (-107.6762 37.93389 9812),4.0,in,24.0,in,14.18,degF,NRCS
2020-12-17 08:00:00+00:00,538:CO:SNTL,POINT Z (-107.6762 37.93389 9812),4.0,in,22.0,in,24.98,degF,NRCS
2020-12-18 08:00:00+00:00,538:CO:SNTL,POINT Z (-107.6762 37.93389 9812),4.2,in,23.0,in,20.84,degF,NRCS
2020-12-19 08:00:00+00:00,538:CO:SNTL,POINT Z (-107.6762 37.93389 9812),4.4,in,26.0,in,12.74,degF,NRCS
2020-12-20 08:00:00+00:00,538:CO:SNTL,POINT Z (-107.6762 37.93389 9812),4.4,in,25.0,in,17.6,degF,NRCS
2020-12-21 08:00:00+00:00,538:CO:SNTL,POINT Z (-107.6762 37.93389 9812),4.4,in,24.0,in,25.34,degF,NRCS
2020-12-22 08:00:00+00:00,538:CO:SNTL,POINT Z (-107.6762 37.93389 9812),4.4,in,23.0,in,27.32,degF,NRCS
2020-12-23 08:00:00+00:00,538:CO:SNTL,POINT Z (-107.6762 37.93389 9812),4.5,in,23.0,in,5.9,degF,NRCS
2020-12-24 08:00:00+00:00,538:CO:SNTL,POINT Z (-107.6762 37.93389 9812),4.6,in,24.0,in,11.84,degF,NRCS
2020-12-25 08:00:00+00:00,538:CO:SNTL,POINT Z (-107.6762 37.93389 9812),4.6,in,23.0,in,24.08,degF,NRCS
2020-12-26 08:00:00+00:00,538:CO:SNTL,POINT Z (-107.6762 37.93389 9812),4.6,in,23.0,in,28.4,degF,NRCS
2020-12-27 08:00:00+00:00,538:CO:SNTL,POINT Z (-107.6762 37.93389 9812),4.6,in,22.0,in,23.0,degF,NRCS
2020-12-28 08:00:00+00:00,538:CO:SNTL,POINT Z (-107.6762 37.93389 9812),4.6,in,22.0,in,27.14,degF,NRCS
2020-12-29 08:00:00+00:00,538:CO:SNTL,POINT Z (-107.6762 37.93389 9812),5.2,in,30.0,in,16.16,degF,NRCS
2020-12-30 08:00:00+00:00,538:CO:SNTL,POINT Z (-107.6762 37.93389 9812),5.2,in,27.0,in,7.7,degF,NRCS
2020-12-31 08:00:00+00:00,538:CO:SNTL,POINT Z (-107.6762 37.93389 9812),5.2,in,27.0,in,16.34,degF,NRCS
2021-01-01 08:00:00+00:00,538:CO:SNTL,POINT Z (-107.6762 37.93389 9812),5.2,in,26.0,in,17.6,degF,NRCS
2021-01-02 08:00:00+00:00,538:CO:SNTL,POINT Z (-107.6762 37.93389 9812),5.2,in,26.0,in,15.08,degF,NRCS
2021-01-03 08:00:00+00:00,538:CO:SNTL,POINT Z (-107.6762 37.93389 9812),5.2,in,26.0,in,18.68,degF,NRCS
2021-01-04 08:00:00+00:00,538:CO:SNTL,POINT Z (-107.6762 37.93389 9812),5.2,in,25.0,in,24.26,degF,NRCS
2021-01-05 08:00:00+00:00,538:CO:SNTL,POINT Z (-107.6762 37.93389 9812),5.2,in,24.0,in,25.34,degF,NRCS
2021-01-06 08:00:00+00:00,538:CO:SNTL,POINT Z (-107.6762 37.93389 9812),5.4,in,28.0,in,14.9,degF,NRCS
2021-01-07 08:00:00+00:00,538:CO:SNTL,POINT Z (-107.6762 37.93389 9812),5.4,in,27.0,in,20.3,degF,NRCS
2021-01-08 08:00:00+00:00,538:CO:SNTL,POINT Z (-107.6762 37.93389 9812),5.4,in,27.0,in,19.04,degF,NRCS
2021-01-09 08:00:00+00:00,538:CO:SNTL,POINT Z (-107.6762 37.93389 9812),5.4,in,26.0,in,16.16,degF,NRCS
2021-01-10 08:00:00+00:00,538:CO:SNTL,POINT Z (-107.6762 37.93389 9812),5.4,in,26.0,in,12.02,degF,NRCS
2021-01-11 08:00:00+00:00,538:CO:SNTL,POINT Z (-107.6762 37.93389 9812),5.4,in,26.0,in,9.32,degF,NRCS
2021-01-12 08:00:00+00:00,538:CO:SNTL,POINT Z (-107.6762 37.93389 9812),5.4,in,26.0,in,17.6,degF,NRCS
2021-01-13 08:00:00+00:00,538:CO:SNTL,POINT Z (-107.6762 37.93389 9812),5.4,in,26.0,in,28.04,degF,NRCS
2021-01-14 08:00:00+00:00,538:CO:SNTL,POINT Z (-107.6762 37.93389 9812),5.4,in,25.0,in,24.26,degF,NRCS
2021-01-15 08:00:00+00:00,538:CO:SNTL,POINT Z (-107.6762 37.93389 9812),5.4,in,25.0,in,19.4,degF,NRCS
2021-01-16 08:00:00+00:00,538:CO:SNTL,POINT Z (-107.6762 37.93389 9812),5.4,in,25.0,in,23.9,degF,NRCS
2021-01-17 08:00:00+00:00,538:CO:SNTL,POINT Z (-107.6762 37.93389 9812),5.4,in,25.0,in,27.14,degF,NRCS
2021-01-18 08:00:00+00:00,538:CO:SNTL,POINT Z (-107.6762 37.93389 9812),5.5,in,26.0,in,25.34,degF,NRCS
2021-01-19 08:00:00+00:00,538:CO:SNTL,POINT Z (-107.6762 37.93389 9812),5.5,in,25.0,in,23.36,degF,NRCS
2021-01-20 08:00:00+00:00,538:CO:SNTL,POINT Z (-107.6762 37.93389 9812),5.6,in,26.0,in,24.44,degF,NRCS
2021-01-21 08:00:00+00:00,538:CO:SNTL,POINT Z (-107.6762 37.93389 9812),5.6,in,26.0,in,23.9,degF,NRCS
2021-01-22 08:00:00+00:00,538:CO:SNTL,POINT Z (-107.6762 37.93389 9812),5.7,in,26.0,in,26.42,degF,NRCS
2021-01-23 08:00:00+00:00,538:CO:SNTL,POINT Z (-107.6762 37.93389 9812),5.9,in,28.0,in,25.7,degF,NRCS
2021-01-24 08:00:00+00:00,538:CO:SNTL,POINT Z (-107.6762 37.93389 9812),6.1,in,31.0,in,21.92,degF,NRCS
2021-01-25 08:00:00+00:00,538:CO:SNTL,POINT Z (-107.6762 37.93389 9812),6.8,in,40.0,in,15.98,degF,NRCS
2021-01-26 08:00:00+00:00,538:CO:SNTL,POINT Z (-107.6762 37.93389 9812),6.8,in,37.0,in,11.84,degF,NRCS
2021-01-27 08:00:00+00:00,538:CO:SNTL,POINT Z (-107.6762 37.93389 9812),6.8,in,36.0,in,17.06,degF,NRCS
2021-01-28 08:00:00+00:00,538:CO:SNTL,POINT Z (-107.6762 37.93389 9812),6.8,in,34.0,in,30.56,degF,NRCS
2021-01-29 08:00:00+00:00,538:CO:SNTL,POINT Z (-107.6762 37.93389 9812),6.9,in,33.0,in,29.66,degF,NRCS
2021-01-30 08:00:00+00:00,538:CO:SNTL,POINT Z (-107.6762 37.93389 9812),7.2,in,37.0,in,19.22,degF,NRCS
2021-01-31 08:00:00+00:00,538:CO:SNTL,POINT Z (-107.6762 37.93389 9812),7.2,in,36.0,in,18.86,degF,NRCS
2021-02-01 08:00:00+00:00,538:CO:SNTL,POINT Z (-107.6762 37.93389 9812),7.2,in,34.0,in,32.9,degF,NRCS
2021-02-02 08:00:00+00:00,538:CO:SNTL,POINT Z (-107.6762 37.93389 9812),7.3,in,34.0,in,35.6,degF,NRCS
2021-02-03 08:00:00+00:00,538:CO:SNTL,POINT Z (-107.6762 37.93389 9812),7.4,in,32.0,in,35.42,degF,NRCS
2021-02-04 08:00:00+00:00,538:CO:SNTL,POINT Z (-107.6762 37.93389 9812),7.7,in,37.0,in,15.08,degF,NRCS
2021-02-05 08:00:00+00:00,538:CO:SNTL,POINT Z (-107.6762 37.93389 9812),7.8,in,37.0,in,15.98,degF,NRCS
2021-02-06 08:00:00+00:00,538:CO:SNTL,POINT Z (-107.6762 37.93389 9812),7.9,in,37.0,in,20.66,degF,NRCS
2021-02-07 08:00:00+00:00,538:CO:SNTL,POINT Z (-107.6762 37.93389 9812),7.9,in,35.0,in,25.7,degF,NRCS
2021-02-08 08:00:00+00:00,538:CO:SNTL,POINT Z (-107.6762 37.93389 9812),7.9,in,35.0,in,31.82,degF,NRCS
2021-02-09 08:00:00+00:00,538:CO:SNTL,POINT Z (-107.6762 37.93389 9812),7.9,in,34.0,in,32.0,degF,NRCS
2021-02-10 08:00:00+00:00,538:CO:SNTL,POINT Z (-107.6762 37.93389 9812),7.9,in,33.0,in,26.78,degF,NRCS
2021-02-11 08:00:00+00:00,538:CO:SNTL,POINT Z (-107.6762 37.93389 9812),8.1,in,35.0,in,25.52,degF,NRCS
2021-02-12 08:00:00+00:00,538:CO:SNTL,POINT Z (-107.6762 37.93389 9812),8.1,in,34.0,in,29.84,degF,NRCS
2021-02-13 08:00:00+00:00,538:CO:SNTL,POINT Z (-107.6762 37.93389 9812),8.2,in,35.0,in,26.78,degF,NRCS
2021-02-14 08:00:00+00:00,538:CO:SNTL,POINT Z (-107.6762 37.93389 9812),8.4,in,36.0,in,16.34,degF,NRCS
2021-02-15 08:00:00+00:00,538:CO:SNTL,POINT Z (-107.6762 37.93389 9812),8.4,in,37.0,in,15.62,degF,NRCS
2021-02-16 08:00:00+00:00,538:CO:SNTL,POINT Z (-107.6762 37.93389 9812),8.5,in,37.0,in,18.5,degF,NRCS
2021-02-17 08:00:00+00:00,538:CO:SNTL,POINT Z (-107.6762 37.93389 9812),9.1,in,43.0,in,14.9,degF,NRCS
2021-02-18 08:00:00+00:00,538:CO:SNTL,POINT Z (-107.6762 37.93389 9812),9.2,in,43.0,in,9.68,degF,NRCS
2021-02-19 08:00:00+00:00,538:CO:SNTL,POINT Z (-107.6762 37.93389 9812),9.2,in,42.0,in,21.38,degF,NRCS
2021-02-20 08:00:00+00:00,538:CO:SNTL,POINT Z (-107.6762 37.93389 9812),9.3,in,40.0,in,27.32,degF,NRCS
2021-02-21 08:00:00+00:00,538:CO:SNTL,POINT Z (-107.6762 37.93389 9812),9.6,in,42.0,in,14.9,degF,NRCS
2021-02-22 08:00:00+00:00,538:CO:SNTL,POINT Z (-107.6762 37.93389 9812),9.7,in,43.0,in,20.84,degF,NRCS
2021-02-23 08:00:00+00:00,538:CO:SNTL,POINT Z (-107.6762 37.93389 9812),9.7,in,41.0,in,25.88,degF,NRCS
2021-02-24 08:00:00+00:00,538:CO:SNTL,POINT Z (-107.6762 37.93389 9812),9.7,in,40.0,in,23.18,degF,NRCS
2021-02-25 08:00:00+00:00,538:CO:SNTL,POINT Z (-107.6762 37.93389 9812),9.7,in,39.0,in,20.66,degF,NRCS
2021-02-26 08:00:00+00:00,538:CO:SNTL,POINT Z (-107.6762 37.93389 9812),9.7,in,38.0,in,22.28,degF,NRCS
2021-02-27 08:00:00+00:00,538:CO:SNTL,POINT Z (-107.6762 37.93389 9812),9.7,in,38.0,in,18.32,degF,NRCS
2021-02-28 08:00:00+00:00,538:CO:SNTL,POINT Z (-107.6762 37.93389 9812),9.7,in,39.0,in,7.16,degF,NRCS
2021-03-01 08:00:00+00:00,538:CO:SNTL,POINT Z (-107.6762 37.93389 9812),9.7,in,39.0,in,18.5,degF,NRCS
2021-03-02 08:00:00+00:00,538:CO:SNTL,POINT Z (-107.6762 37.93389 9812),9.7,in,38.0,in,26.24,degF,NRCS
2021-03-03 08:00:00+00:00,538:CO:SNTL,POINT Z (-107.6762 37.93389 9812),9.8,in,37.0,in,30.92,degF,NRCS
2021-03-04 08:00:00+00:00,538:CO:SNTL,POINT Z (-107.6762 37.93389 9812),9.8,in,38.0,in,28.58,degF,NRCS
2021-03-05 08:00:00+00:00,538:CO:SNTL,POINT Z (-107.6762 37.93389 9812),10.1,in,43.0,in,29.48,degF,NRCS
2021-03-06 08:00:00+00:00,538:CO:SNTL,POINT Z (-107.6762 37.93389 9812),10.1,in,40.0,in,31.46,degF,NRCS
2021-03-07 08:00:00+00:00,538:CO:SNTL,POINT Z (-107.6762 37.93389 9812),10.1,in,39.0,in,34.88,degF,NRCS
2021-03-08 08:00:00+00:00,538:CO:SNTL,POINT Z (-107.6762 37.93389 9812),10.1,in,38.0,in,36.68,degF,NRCS
2021-03-09 08:00:00+00:00,538:CO:SNTL,POINT Z (-107.6762 37.93389 9812),10.1,in,37.0,in,34.7,degF,NRCS
2021-03-10 08:00:00+00:00,538:CO:SNTL,POINT Z (-107.6762 37.93389 9812),10.4,in,40.0,in,24.08,degF,NRCS
2021-03-11 08:00:00+00:00,538:CO:SNTL,POINT Z (-107.6762 37.93389 9812),10.4,in,39.0,in,25.88,degF,NRCS
2021-03-12 08:00:00+00:00,538:CO:SNTL,POINT Z (-107.6762 37.93389 9812),10.4,in,40.0,in,29.48,degF,NRCS
2021-03-13 08:00:00+00:00,538:CO:SNTL,POINT Z (-107.6762 37.93389 9812),10.4,in,39.0,in,24.08,degF,NRCS
2021-03-14 08:00:00+00:00,538:CO:SNTL,POINT Z (-107.6762 37.93389 9812),10.6,in,41.0,in,22.64,degF,NRCS
2021-03-15 08:00:00+00:00,538:CO:SNTL,POINT Z (-107.6762 37.93389 9812),11.1,in,48.0,in,30.38,degF,NRCS
2021-03-16 08:00:00+00:00,538:CO:SNTL,POINT Z (-107.6762 37.93389 9812),11.3,in,43.0,in,26.78,degF,NRCS
2021-03-17 08:00:00+00:00,538:CO:SNTL,POINT Z (-107.6762 37.93389 9812),11.5,in,48.0,in,24.98,degF,NRCS
2021-03-18 08:00:00+00:00,538:CO:SNTL,POINT Z (-107.6762 37.93389 9812),11.5,in,47.0,in,28.04,degF,NRCS
2021-03-19 08:00:00+00:00,538:CO:SNTL,POINT Z (-107.6762 37.93389 9812),11.5,in,44.0,in,36.32,degF,NRCS
2021-03-20 08:00:00+00:00,538:CO:SNTL,POINT Z (-107.6762 37.93389 9812),11.5,in,42.0,in,39.74,degF,NRCS
2021-03-21 08:00:00+00:00,538:CO:SNTL,POINT Z (-107.6762 37.93389 9812),11.6,in,41.0,in,30.56,degF,NRCS
2021-03-22 08:00:00+00:00,538:CO:SNTL,POINT Z (-107.6762 37.93389 9812),11.7,in,41.0,in,24.98,degF,NRCS
2021-03-23 08:00:00+00:00,538:CO:SNTL,POINT Z (-107.6762 37.93389 9812),11.7,in,43.0,in,24.08,degF,NRCS
2021-03-24 08:00:00+00:00,538:CO:SNTL,POINT Z (-107.6762 37.93389 9812),12.1,in,47.0,in,24.8,degF,NRCS
2021-03-25 08:00:00+00:00,538:CO:SNTL,POINT Z (-107.6762 37.93389 9812),12.4,in,48.0,in,24.44,degF,NRCS
2021-03-26 08:00:00+00:00,538:CO:SNTL,POINT Z (-107.6762 37.93389 9812),12.5,in,48.0,in,25.7,degF,NRCS
2021-03-27 08:00:00+00:00,538:CO:SNTL,POINT Z (-107.6762 37.93389 9812),12.8,in,48.0,in,25.7,degF,NRCS
2021-03-28 08:00:00+00:00,538:CO:SNTL,POINT Z (-107.6762 37.93389 9812),13.0,in,46.0,in,31.28,degF,NRCS
2021-03-29 08:00:00+00:00,538:CO:SNTL,POINT Z (-107.6762 37.93389 9812),13.0,in,44.0,in,39.38,degF,NRCS
2021-03-30 08:00:00+00:00,538:CO:SNTL,POINT Z (-107.6762 37.93389 9812),13.0,in,42.0,in,24.98,degF,NRCS
2021-03-31 08:00:00+00:00,538:CO:SNTL,POINT Z (-107.6762 37.93389 9812),13.1,in,43.0,in,25.7,degF,NRCS
2021-04-01 08:00:00+00:00,538:CO:SNTL,POINT Z (-107.6762 37.93389 9812),13.1,in,41.0,in,37.4,degF,NRCS
2021-04-02 08:00:00+00:00,538:CO:SNTL,POINT Z (-107.6762 37.93389 9812),12.8,in,40.0,in,39.74,degF,NRCS
2021-04-03 08:00:00+00:00,538:CO:SNTL,POINT Z (-107.6762 37.93389 9812),12.2,in,39.0,in,41.18,degF,NRCS
2021-04-04 08:00:00+00:00,538:CO:SNTL,POINT Z (-107.6762 37.93389 9812),11.9,in,37.0,in,41.9,degF,NRCS
2021-04-05 08:00:00+00:00,538:CO:SNTL,POINT Z (-107.6762 37.93389 9812),11.7,in,35.0,in,43.16,degF,NRCS
2021-04-06 08:00:00+00:00,538:CO:SNTL,POINT Z (-107.6762 37.93389 9812),11.2,in,34.0,in,33.62,degF,NRCS
2021-04-07 08:00:00+00:00,538:CO:SNTL,POINT Z (-107.6762 37.93389 9812),10.9,in,33.0,in,32.54,degF,NRCS
2021-04-08 08:00:00+00:00,538:CO:SNTL,POINT Z (-107.6762 37.93389 9812),10.7,in,31.0,in,38.48,degF,NRCS
2021-04-09 08:00:00+00:00,538:CO:SNTL,POINT Z (-107.6762 37.93389 9812),10.5,in,30.0,in,33.26,degF,NRCS
2021-04-10 08:00:00+00:00,538:CO:SNTL,POINT Z (-107.6762 37.93389 9812),10.5,in,29.0,in,34.7,degF,NRCS
2021-04-11 08:00:00+00:00,538:CO:SNTL,POINT Z (-107.6762 37.93389 9812),10.1,in,27.0,in,38.12,degF,NRCS
2021-04-12 08:00:00+00:00,538:CO:SNTL,POINT Z (-107.6762 37.93389 9812),9.6,in,26.0,in,38.66,degF,NRCS
2021-04-13 08:00:00+00:00,538:CO:SNTL,POINT Z (-107.6762 37.93389 9812),9.1,in,25.0,in,39.56,degF,NRCS
2021-04-14 08:00:00+00:00,538:CO:SNTL,POINT Z (-107.6762 37.93389 9812),8.8,in,24.0,in,42.8,degF,NRCS
2021-04-15 08:00:00+00:00,538:CO:SNTL,POINT Z (-107.6762 37.93389 9812),8.4,in,23.0,in,33.8,degF,NRCS
2021-04-16 08:00:00+00:00,538:CO:SNTL,POINT Z (-107.6762 37.93389 9812),8.5,in,27.0,in,27.86,degF,NRCS
2021-04-17 08:00:00+00:00,538:CO:SNTL,POINT Z (-107.6762 37.93389 9812),8.5,in,23.0,in,25.88,degF,NRCS
2021-04-18 08:00:00+00:00,538:CO:SNTL,POINT Z (-107.6762 37.93389 9812),8.6,in,25.0,in,28.04,degF,NRCS
2021-04-19 08:00:00+00:00,538:CO:SNTL,POINT Z (-107.6762 37.93389 9812),8.8,in,24.0,in,33.98,degF,NRCS
2021-04-20 08:00:00+00:00,538:CO:SNTL,POINT Z (-107.6762 37.93389 9812),8.4,in,25.0,in,31.1,degF,NRCS
2021-04-21 08:00:00+00:00,538:CO:SNTL,POINT Z (-107.6762 37.93389 9812),8.2,in,22.0,in,40.1,degF,NRCS
2021-04-22 08:00:00+00:00,538:CO:SNTL,POINT Z (-107.6762 37.93389 9812),8.0,in,21.0,in,36.14,degF,NRCS
2021-04-23 08:00:00+00:00,538:CO:SNTL,POINT Z (-107.6762 37.93389 9812),7.8,in,21.0,in,31.82,degF,NRCS
2021-04-24 08:00:00+00:00,538:CO:SNTL,POINT Z (-107.6762 37.93389 9812),8.2,in,22.0,in,40.46,degF,NRCS
2021-04-25 08:00:00+00:00,538:CO:SNTL,POINT Z (-107.6762 37.93389 9812),7.5,in,19.0,in,42.62,degF,NRCS
2021-04-26 08:00:00+00:00,538:CO:SNTL,POINT Z (-107.6762 37.93389 9812),7.5,in,18.0,in,40.64,degF,NRCS
2021-04-27 08:00:00+00:00,538:CO:SNTL,POINT Z (-107.6762 37.93389 9812),6.5,in,17.0,in,32.9,degF,NRCS
2021-04-28 08:00:00+00:00,538:CO:SNTL,POINT Z (-107.6762 37.93389 9812),6.9,in,19.0,in,32.54,degF,NRCS
2021-04-29 08:00:00+00:00,538:CO:SNTL,POINT Z (-107.6762 37.93389 9812),6.5,in,17.0,in,40.28,degF,NRCS
2021-04-30 08:00:00+00:00,538:CO:SNTL,POINT Z (-107.6762 37.93389 9812),5.8,in,15.0,in,45.32,degF,NRCS
2021-05-01 08:00:00+00:00,538:CO:SNTL,POINT Z (-107.6762 37.93389 9812),4.6,in,13.0,in,47.3,degF,NRCS
2021-05-02 08:00:00+00:00,538:CO:SNTL,POINT Z (-107.6762 37.93389 9812),3.8,in,10.0,in,42.62,degF,NRCS
2021-05-03 08:00:00+00:00,538:CO:SNTL,POINT Z (-107.6762 37.93389 9812),3.5,in,9.0,in,35.06,degF,NRCS
2021-05-04 08:00:00+00:00,538:CO:SNTL,POINT Z (-107.6762 37.93389 9812),3.4,in,11.0,in,37.76,degF,NRCS
2021-05-05 08:00:00+00:00,538:CO:SNTL,POINT Z (-107.6762 37.93389 9812),2.7,in,8.0,in,41.54,degF,NRCS
2021-05-06 08:00:00+00:00,538:CO:SNTL,POINT Z (-107.6762 37.93389 9812),1.8,in,5.0,in,45.14,degF,NRCS
2021-05-07 08:00:00+00:00,538:CO:SNTL,POINT Z (-107.6762 37.93389 9812),0.6,in,2.0,in,48.2,degF,NRCS
2021-05-08 08:00:00+00:00,538:CO:SNTL,POINT Z (-107.6762 37.93389 9812),0.0,in,0.0,in,41.18,degF,NRCS
2021-05-09 08:00:00+00:00,538:CO:SNTL,POINT Z (-107.6762 37.93389 9812),0.0,in,0.0,in,38.12,degF,NRCS
2021-05-10 08:00:00+00:00,538:CO:SNTL,POINT Z (-107.6762 37.93389 9812),0.0,in,0.0,in,36.5,degF,NRCS
2021-05-11 08:00:00+00:00,538:CO:SNTL,POINT Z (-107.6762 37.93389 9812),0.0,in,0.0,in,34.7,degF,NRCS
2021-05-12 08:00:00+00:00,538:CO:SNTL,POINT Z (-107.6762 37.93389 9812),0.0,in,0.0,in,39.56,degF,NRCS
2021-05-13 08:00:00+00:00,538:CO:SNTL,POINT Z (-107.6762 37.93389 9812),0.0,in,0.0,in,44.78,degF,NRCS
2021-05-14 08:00:00+00:00,538:CO:SNTL,POINT Z (-107.6762 37.93389 9812),0.0,in,0.0,in,47.12,degF,NRCS
2021-05-15 08:00:00+00:00,538:CO:SNTL,POINT Z (-107.6762 37.93389 9812),0.0,in,0.0,in,47.12,degF,NRCS
2021-05-16 08:00:00+00:00,538:CO:SNTL,POINT Z (-107.6762 37.93389 9812),0.0,in,0.0,in,47.3,degF,NRCS
2021-05-17 08:00:00+00:00,538:CO:SNTL,POINT Z (-107.6762 37.93389 9812),0.0,in,0.0,in,41.36,degF,NRCS
2021-05-18 08:00:00+00:00,538:CO:SNTL,POINT Z (-107.6762 37.93389 9812),0.0,in,0.0,in,39.38,degF,NRCS
2021-05-19 08:00:00+00:00,538:CO:SNTL,POINT Z (-107.6762 37.93389 9812),0.0,in,0.0,in,45.86,degF,NRCS
2021-05-20 08:00:00+00:00,538:CO:SNTL,POINT Z (-107.6762 37.93389 9812),0.0,in,0.0,in,50.0,degF,NRCS
2021-05-21 08:00:00+00:00,538:CO:SNTL,POINT Z (-107.6762 37.93389 9812),0.0,in,0.0,in,38.48,degF,NRCS
2021-05-22 08:00:00+00:00,538:CO:SNTL,POINT Z (-107.6762 37.93389 9812),0.0,in,0.0,in,42.62,degF,NRCS
2021-05-23 08:00:00+00:00,538:CO:SNTL,POINT Z (-107.6762 37.93389 9812),0.0,in,0.0,in,39.92,degF,NRCS
2021-05-24 08:00:00+00:00,538:CO:SNTL,POINT Z (-107.6762 37.93389 9812),0.0,in,0.0,in,41.9,degF,NRCS
2021-05-25 08:00:00+00:00,538:CO:SNTL,POINT Z (-107.6762 37.93389 9812),0.0,in,0.0,in,45.32,degF,NRCS
2021-05-26 08:00:00+00:00,538:CO:SNTL,POINT Z (-107.6762 37.93389 9812),0.0,in,0.0,in,46.58,degF,NRCS
2021-05-27 08:00:00+00:00,538:CO:SNTL,POINT Z (-107.6762 37.93389 9812),0.0,in,0.0,in,45.68,degF,NRCS
2021-05-28 08:00:00+00:00,538:CO:SNTL,POINT Z (-107.6762 37.93389 9812),0.0,in,0.0,in,48.2,degF,NRCS
2021-05-29 08:00:00+00:00,538:CO:SNTL,POINT Z (-107.6762 37.93389 9812),0.0,in,0.0,in,50.18,degF,NRCS
2021-05-30 08:00:00+00:00,538:CO:SNTL,POINT Z (-107.6762 37.93389 9812),0.0,in,0.0,in,48.2,degF,NRCS
2021-05-31 08:00:00+00:00,538:CO:SNTL,POINT Z (-107.6762 37.93389 9812),0.0,in,0.0,in,44.6,degF,NRCS
2021-06-01 08:00:00+00:00,538:CO:SNTL,POINT Z (-107.6762 37.93389 9812),0.0,in,0.0,in,47.66,degF,NRCS
2021-06-02 08:00:00+00:00,538:CO:SNTL,POINT Z (-107.6762 37.93389 9812),0.0,in,0.0,in,50.72,degF,NRCS
2021-06-03 08:00:00+00:00,538:CO:SNTL,POINT Z (-107.6762 37.93389 9812),0.0,in,0.0,in,53.06,degF,NRCS
2021-06-04 08:00:00+00:00,538:CO:SNTL,POINT Z (-107.6762 37.93389 9812),0.0,in,0.0,in,57.56,degF,NRCS
2021-06-05 08:00:00+00:00,538:CO:SNTL,POINT Z (-107.6762 37.93389 9812),0.0,in,0.0,in,56.84,degF,NRCS
2021-06-06 08:00:00+00:00,538:CO:SNTL,POINT Z (-107.6762 37.93389 9812),0.0,in,0.0,in,54.86,degF,NRCS
2021-06-07 08:00:00+00:00,538:CO:SNTL,POINT Z (-107.6762 37.93389 9812),0.0,in,0.0,in,55.76,degF,NRCS
2021-06-08 08:00:00+00:00,538:CO:SNTL,POINT Z (-107.6762 37.93389 9812),0.0,in,0.0,in,54.68,degF,NRCS
2021-06-09 08:00:00+00:00,538:CO:SNTL,POINT Z (-107.6762 37.93389 9812),0.0,in,0.0,in,56.84,degF,NRCS
2021-06-10 08:00:00+00:00,538:CO:SNTL,POINT Z (-107.6762 37.93389 9812),0.0,in,0.0,in,57.02,degF,NRCS
2021-06-11 08:00:00+00:00,538:CO:SNTL,POINT Z (-107.6762 37.93389 9812),0.0,in,0.0,in,56.48,degF,NRCS
2021-06-12 08:00:00+00:00,538:CO:SNTL,POINT Z (-107.6762 37.93389 9812),0.0,in,0.0,in,56.66,degF,NRCS
2021-06-13 08:00:00+00:00,538:CO:SNTL,POINT Z (-107.6762 37.93389 9812),0.0,in,0.0,in,59.54,degF,NRCS
2021-06-14 08:00:00+00:00,538:CO:SNTL,POINT Z (-107.6762 37.93389 9812),0.0,in,0.0,in,60.8,degF,NRCS
2021-06-15 08:00:00+00:00,538:CO:SNTL,POINT Z (-107.6762 37.93389 9812),0.0,in,0.0,in,62.42,degF,NRCS
2021-06-16 08:00:00+00:00,538:CO:SNTL,POINT Z (-107.6762 37.93389 9812),0.0,in,0.0,in,64.22,degF,NRCS
2021-06-17 08:00:00+00:00,538:CO:SNTL,POINT Z (-107.6762 37.93389 9812),0.0,in,0.0,in,60.26,degF,NRCS
2021-06-18 08:00:00+00:00,538:CO:SNTL,POINT Z (-107.6762 37.93389 9812),0.0,in,0.0,in,57.74,degF,NRCS
2021-06-19 08:00:00+00:00,538:CO:SNTL,POINT Z (-107.6762 37.93389 9812),0.0,in,0.0,in,56.3,degF,NRCS
2021-06-20 08:00:00+00:00,538:CO:SNTL,POINT Z (-107.6762 37.93389 9812),0.0,in,0.0,in,57.02,degF,NRCS
2021-06-21 08:00:00+00:00,538:CO:SNTL,POINT Z (-107.6762 37.93389 9812),0.0,in,0.0,in,57.74,degF,NRCS
2021-06-22 08:00:00+00:00,538:CO:SNTL,POINT Z (-107.6762 37.93389 9812),0.0,in,0.0,in,60.62,degF,NRCS
2021-06-23 08:00:00+00:00,538:CO:SNTL,POINT Z (-107.6762 37.93389 9812),0.0,in,0.0,in,55.04,degF,NRCS
2021-06-24 08:00:00+00:00,538:CO:SNTL,POINT Z (-107.6762 37.93389 9812),0.0,in,0.0,in,48.92,degF,NRCS
2021-06-25 08:00:00+00:00,538:CO:SNTL,POINT Z (-107.6762 37.93389 9812),0.0,in,0.0,in,46.94,degF,NRCS
2021-06-26 08:00:00+00:00,538:CO:SNTL,POINT Z (-107.6762 37.93389 9812),0.0,in,0.0,in,48.2,degF,NRCS
2021-06-27 08:00:00+00:00,538:CO:SNTL,POINT Z (-107.6762 37.93389 9812),0.0,in,0.0,in,48.56,degF,NRCS
2021-06-28 08:00:00+00:00,538:CO:SNTL,POINT Z (-107.6762 37.93389 9812),0.0,in,0.0,in,48.74,degF,NRCS
2021-06-29 08:00:00+00:00,538:CO:SNTL,POINT Z (-107.6762 37.93389 9812),0.0,in,0.0,in,47.66,degF,NRCS
2021-06-30 08:00:00+00:00,538:CO:SNTL,POINT Z (-107.6762 37.93389 9812),0.0,in,0.0,in,51.08,degF,NRCS
2021-07-01 08:00:00+00:00,538:CO:SNTL,POINT Z (-107.6762 37.93389 9812),0.0,in,0.0,in,54.32,degF,NRCS
2021-07-02 08:00:00+00:00,538:CO:SNTL,POINT Z (-107.6762 37.93389 9812),0.0,in,0.0,in,56.12,degF,NRCS
2021-07-03 08:00:00+00:00,538:CO:SNTL,POINT Z (-107.6762 37.93389 9812),0.0,in,0.0,in,58.46,degF,NRCS
2021-07-04 08:00:00+00:00,538:CO:SNTL,POINT Z (-107.6762 37.93389 9812),0.0,in,0.0,in,60.26,degF,NRCS
2021-07-05 08:00:00+00:00,538:CO:SNTL,POINT Z (-107.6762 37.93389 9812),0.0,in,0.0,in,56.12,degF,NRCS
2021-07-06 08:00:00+00:00,538:CO:SNTL,POINT Z (-107.6762 37.93389 9812),0.0,in,0.0,in,57.2,degF,NRCS
2021-07-07 08:00:00+00:00,538:CO:SNTL,POINT Z (-107.6762 37.93389 9812),0.0,in,0.0,in,59.36,degF,NRCS
2021-07-08 08:00:00+00:00,538:CO:SNTL,POINT Z (-107.6762 37.93389 9812),0.0,in,0.0,in,58.46,degF,NRCS
2021-07-09 08:00:00+00:00,538:CO:SNTL,POINT Z (-107.6762 37.93389 9812),0.0,in,0.0,in,61.16,degF,NRCS
2021-07-10 08:00:00+00:00,538:CO:SNTL,POINT Z (-107.6762 37.93389 9812),0.0,in,0.0,in,60.26,degF,NRCS
2021-07-11 08:00:00+00:00,538:CO:SNTL,POINT Z (-107.6762 37.93389 9812),0.0,in,0.0,in,58.46,degF,NRCS
2021-07-12 08:00:00+00:00,538:CO:SNTL,POINT Z (-107.6762 37.93389 9812),0.0,in,0.0,in,61.34,degF,NRCS
2021-07-13 08:00:00+00:00,538:CO:SNTL,POINT Z (-107.6762 37.93389 9812),0.0,in,0.0,in,52.52,degF,NRCS
2021-07-14 08:00:00+00:00,538:CO:SNTL,POINT Z (-107.6762 37.93389 9812),0.0,in,0.0,in,50.36,degF,NRCS
2021-07-15 08:00:00+00:00,538:CO:SNTL,POINT Z (-107.6762 37.93389 9812),0.0,in,0.0,in,55.04,degF,NRCS
2021-07-16 08:00:00+00:00,538:CO:SNTL,POINT Z (-107.6762 37.93389 9812),0.0,in,0.0,in,54.68,degF,NRCS
2021-07-17 08:00:00+00:00,538:CO:SNTL,POINT Z (-107.6762 37.93389 9812),0.0,in,0.0,in,56.3,degF,NRCS
2021-07-18 08:00:00+00:00,538:CO:SNTL,POINT Z (-107.6762 37.93389 9812),0.0,in,0.0,in,59.54,degF,NRCS
2021-07-19 08:00:00+00:00,538:CO:SNTL,POINT Z (-107.6762 37.93389 9812),0.0,in,0.0,in,60.08,degF,NRCS
2021-07-20 08:00:00+00:00,538:CO:SNTL,POINT Z (-107.6762 37.93389 9812),0.0,in,0.0,in,56.48,degF,NRCS
2021-07-21 08:00:00+00:00,538:CO:SNTL,POINT Z (-107.6762 37.93389 9812),0.0,in,0.0,in,55.4,degF,NRCS
2021-07-22 08:00:00+00:00,538:CO:SNTL,POINT Z (-107.6762 37.93389 9812),0.0,in,0.0,in,56.48,degF,NRCS
2021-07-23 08:00:00+00:00,538:CO:SNTL,POINT Z (-107.6762 37.93389 9812),0.0,in,0.0,in,55.58,degF,NRCS
2021-07-24 08:00:00+00:00,538:CO:SNTL,POINT Z (-107.6762 37.93389 9812),0.0,in,0.0,in,52.52,degF,NRCS
2021-07-25 08:00:00+00:00,538:CO:SNTL,POINT Z (-107.6762 37.93389 9812),0.0,in,0.0,in,53.42,degF,NRCS
2021-07-26 08:00:00+00:00,538:CO:SNTL,POINT Z (-107.6762 37.93389 9812),0.0,in,0.0,in,52.7,degF,NRCS
2021-07-27 08:00:00+00:00,538:CO:SNTL,POINT Z (-107.6762 37.93389 9812),0.0,in,0.0,in,55.22,degF,NRCS
2021-07-28 08:00:00+00:00,538:CO:SNTL,POINT Z (-107.6762 37.93389 9812),0.0,in,0.0,in,54.68,degF,NRCS
2021-07-29 08:00:00+00:00,538:CO:SNTL,POINT Z (-107.6762 37.93389 9812),0.0,in,0.0,in,57.02,degF,NRCS
2021-07-30 08:00:00+00:00,538:CO:SNTL,POINT Z (-107.6762 37.93389 9812),0.0,in,0.0,in,53.96,degF,NRCS
2021-07-31 08:00:00+00:00,538:CO:SNTL,POINT Z (-107.6762 37.93389 9812),0.0,in,0.0,in,52.52,degF,NRCS
2021-08-01 08:00:00+00:00,538:CO:SNTL,POINT Z (-107.6762 37.93389 9812),0.0,in,0.0,in,53.42,degF,NRCS
2021-08-02 08:00:00+00:00,538:CO:SNTL,POINT Z (-107.6762 37.93389 9812),0.0,in,0.0,in,53.24,degF,NRCS
2021-08-03 08:00:00+00:00,538:CO:SNTL,POINT Z (-107.6762 37.93389 9812),0.0,in,0.0,in,51.44,degF,NRCS
2021-08-04 08:00:00+00:00,538:CO:SNTL,POINT Z (-107.6762 37.93389 9812),0.0,in,0.0,in,53.96,degF,NRCS
2021-08-05 08:00:00+00:00,538:CO:SNTL,POINT Z (-107.6762 37.93389 9812),0.0,in,0.0,in,53.06,degF,NRCS
2021-08-06 08:00:00+00:00,538:CO:SNTL,POINT Z (-107.6762 37.93389 9812),0.0,in,0.0,in,56.66,degF,NRCS
2021-08-07 08:00:00+00:00,538:CO:SNTL,POINT Z (-107.6762 37.93389 9812),0.0,in,0.0,in,52.52,degF,NRCS
2021-08-08 08:00:00+00:00,538:CO:SNTL,POINT Z (-107.6762 37.93389 9812),0.0,in,0.0,in,53.78,degF,NRCS
2021-08-09 08:00:00+00:00,538:CO:SNTL,POINT Z (-107.6762 37.93389 9812),0.0,in,0.0,in,56.84,degF,NRCS
2021-08-10 08:00:00+00:00,538:CO:SNTL,POINT Z (-107.6762 37.93389 9812),0.0,in,0.0,in,56.84,degF,NRCS
2021-08-11 08:00:00+00:00,538:CO:SNTL,POINT Z (-107.6762 37.93389 9812),0.0,in,0.0,in,55.22,degF,NRCS
2021-08-12 08:00:00+00:00,538:CO:SNTL,POINT Z (-107.6762 37.93389 9812),0.0,in,0.0,in,56.84,degF,NRCS
2021-08-13 08:00:00+00:00,538:CO:SNTL,POINT Z (-107.6762 37.93389 9812),0.0,in,0.0,in,58.1,degF,NRCS
2021-08-14 08:00:00+00:00,538:CO:SNTL,POINT Z (-107.6762 37.93389 9812),0.0,in,0.0,in,58.46,degF,NRCS
2021-08-15 08:00:00+00:00,538:CO:SNTL,POINT Z (-107.6762 37.93389 9812),0.0,in,0.0,in,58.1,degF,NRCS
2021-08-16 08:00:00+00:00,538:CO:SNTL,POINT Z (-107.6762 37.93389 9812),0.0,in,0.0,in,52.34,degF,NRCS
2021-08-17 08:00:00+00:00,538:CO:SNTL,POINT Z (-107.6762 37.93389 9812),0.0,in,0.0,in,53.24,degF,NRCS
2021-08-18 08:00:00+00:00,538:CO:SNTL,POINT Z (-107.6762 37.93389 9812),0.0,in,0.0,in,53.6,degF,NRCS
2021-08-19 08:00:00+00:00,538:CO:SNTL,POINT Z (-107.6762 37.93389 9812),0.0,in,0.0,in,46.94,degF,NRCS
2021-08-20 08:00:00+00:00,538:CO:SNTL,POINT Z (-107.6762 37.93389 9812),0.0,in,0.0,in,44.96,degF,NRCS
2021-08-21 08:00:00+00:00,538:CO:SNTL,POINT Z (-107.6762 37.93389 9812),0.0,in,0.0,in,51.26,degF,NRCS
2021-08-22 08:00:00+00:00,538:CO:SNTL,POINT Z (-107.6762 37.93389 9812),0.0,in,0.0,in,53.96,degF,NRCS
2021-08-23 08:00:00+00:00,538:CO:SNTL,POINT Z (-107.6762 37.93389 9812),0.0,in,0.0,in,55.76,degF,NRCS
2021-08-24 08:00:00+00:00,538:CO:SNTL,POINT Z (-107.6762 37.93389 9812),0.0,in,0.0,in,52.34,degF,NRCS
2021-08-25 08:00:00+00:00,538:CO:SNTL,POINT Z (-107.6762 37.93389 9812),0.0,in,0.0,in,52.7,degF,NRCS
2021-08-26 08:00:00+00:00,538:CO:SNTL,POINT Z (-107.6762 37.93389 9812),0.0,in,0.0,in,53.42,degF,NRCS
2021-08-27 08:00:00+00:00,538:CO:SNTL,POINT Z (-107.6762 37.93389 9812),0.0,in,0.0,in,54.5,degF,NRCS
2021-08-28 08:00:00+00:00,538:CO:SNTL,POINT Z (-107.6762 37.93389 9812),0.0,in,0.0,in,53.96,degF,NRCS
2021-08-29 08:00:00+00:00,538:CO:SNTL,POINT Z (-107.6762 37.93389 9812),0.0,in,0.0,in,54.14,degF,NRCS
2021-08-30 08:00:00+00:00,538:CO:SNTL,POINT Z (-107.6762 37.93389 9812),0.0,in,0.0,in,54.86,degF,NRCS
2021-08-31 08:00:00+00:00,538:CO:SNTL,POINT Z (-107.6762 37.93389 9812),0.0,in,0.0,in,55.4,degF,NRCS
2021-09-01 08:00:00+00:00,538:CO:SNTL,POINT Z (-107.6762 37.93389 9812),0.0,in,0.0,in,51.8,degF,NRCS
2021-09-02 08:00:00+00:00,538:CO:SNTL,POINT Z (-107.6762 37.93389 9812),0.0,in,0.0,in,50.18,degF,NRCS
2021-09-03 08:00:00+00:00,538:CO:SNTL,POINT Z (-107.6762 37.93389 9812),0.0,in,0.0,in,50.0,degF,NRCS
2021-09-04 08:00:00+00:00,538:CO:SNTL,POINT Z (-107.6762 37.93389 9812),0.0,in,0.0,in,49.1,degF,NRCS
2021-09-05 08:00:00+00:00,538:CO:SNTL,POINT Z (-107.6762 37.93389 9812),0.0,in,0.0,in,50.18,degF,NRCS
2021-09-06 08:00:00+00:00,538:CO:SNTL,POINT Z (-107.6762 37.93389 9812),0.0,in,0.0,in,52.7,degF,NRCS
2021-09-07 08:00:00+00:00,538:CO:SNTL,POINT Z (-107.6762 37.93389 9812),0.0,in,0.0,in,53.6,degF,NRCS
2021-09-08 08:00:00+00:00,538:CO:SNTL,POINT Z (-107.6762 37.93389 9812),0.0,in,0.0,in,56.3,degF,NRCS
2021-09-09 08:00:00+00:00,538:CO:SNTL,POINT Z (-107.6762 37.93389 9812),0.0,in,0.0,in,55.76,degF,NRCS
2021-09-10 08:00:00+00:00,538:CO:SNTL,POINT Z (-107.6762 37.93389 9812),0.0,in,0.0,in,56.84,degF,NRCS
2021-09-11 08:00:00+00:00,538:CO:SNTL,POINT Z (-107.6762 37.93389 9812),0.0,in,0.0,in,55.58,degF,NRCS
2021-09-12 08:00:00+00:00,538:CO:SNTL,POINT Z (-107.6762 37.93389 9812),0.0,in,0.0,in,50.9,degF,NRCS
2021-09-13 08:00:00+00:00,538:CO:SNTL,POINT Z (-107.6762 37.93389 9812),0.0,in,0.0,in,52.88,degF,NRCS
2021-09-14 08:00:00+00:00,538:CO:SNTL,POINT Z (-107.6762 37.93389 9812),0.0,in,0.0,in,53.24,degF,NRCS
2021-09-15 08:00:00+00:00,538:CO:SNTL,POINT Z (-107.6762 37.93389 9812),0.0,in,0.0,in,51.44,degF,NRCS
2021-09-16 08:00:00+00:00,538:CO:SNTL,POINT Z (-107.6762 37.93389 9812),0.0,in,0.0,in,50.9,degF,NRCS
2021-09-17 08:00:00+00:00,538:CO:SNTL,POINT Z (-107.6762 37.93389 9812),0.0,in,0.0,in,51.08,degF,NRCS
2021-09-18 08:00:00+00:00,538:CO:SNTL,POINT Z (-107.6762 37.93389 9812),0.0,in,0.0,in,51.98,degF,NRCS
2021-09-19 08:00:00+00:00,538:CO:SNTL,POINT Z (-107.6762 37.93389 9812),0.0,in,0.0,in,51.26,degF,NRCS
2021-09-20 08:00:00+00:00,538:CO:SNTL,POINT Z (-107.6762 37.93389 9812),0.0,in,0.0,in,44.6,degF,NRCS
2021-09-21 08:00:00+00:00,538:CO:SNTL,POINT Z (-107.6762 37.93389 9812),0.0,in,0.0,in,40.82,degF,NRCS
2021-09-22 08:00:00+00:00,538:CO:SNTL,POINT Z (-107.6762 37.93389 9812),0.0,in,0.0,in,46.22,degF,NRCS
2021-09-23 08:00:00+00:00,538:CO:SNTL,POINT Z (-107.6762 37.93389 9812),0.0,in,0.0,in,47.66,degF,NRCS
2021-09-24 08:00:00+00:00,538:CO:SNTL,POINT Z (-107.6762 37.93389 9812),0.0,in,0.0,in,47.66,degF,NRCS
2021-09-25 08:00:00+00:00,538:CO:SNTL,POINT Z (-107.6762 37.93389 9812),0.0,in,0.0,in,49.82,degF,NRCS
2021-09-26 08:00:00+00:00,538:CO:SNTL,POINT Z (-107.6762 37.93389 9812),0.0,in,0.0,in,49.1,degF,NRCS
2021-09-27 08:00:00+00:00,538:CO:SNTL,POINT Z (-107.6762 37.93389 9812),0.0,in,0.0,in,47.66,degF,NRCS
2021-09-28 08:00:00+00:00,538:CO:SNTL,POINT Z (-107.6762 37.93389 9812),0.0,in,0.0,in,43.52,degF,NRCS
2021-09-29 08:00:00+00:00,538:CO:SNTL,POINT Z (-107.6762 37.93389 9812),0.0,in,0.0,in,41.54,degF,NRCS
2021-09-30 08:00:00+00:00,538:CO:SNTL,POINT Z (-107.6762 37.93389 9812),0.1,in,0.0,in,39.02,degF,NRCS
2021-10-01 08:00:00+00:00,538:CO:SNTL,POINT Z (-107.6762 37.93389 9812),0.0,in,0.0,in,41.36,degF,NRCS
2021-10-02 08:00:00+00:00,538:CO:SNTL,POINT Z (-107.6762 37.93389 9812),0.0,in,0.0,in,42.08,degF,NRCS
2021-10-03 08:00:00+00:00,538:CO:SNTL,POINT Z (-107.6762 37.93389 9812),0.0,in,0.0,in,42.44,degF,NRCS
2021-10-04 08:00:00+00:00,538:CO:SNTL,POINT Z (-107.6762 37.93389 9812),0.0,in,0.0,in,45.5,degF,NRCS
2021-10-05 08:00:00+00:00,538:CO:SNTL,POINT Z (-107.6762 37.93389 9812),0.0,in,0.0,in,48.56,degF,NRCS
2021-10-06 08:00:00+00:00,538:CO:SNTL,POINT Z (-107.6762 37.93389 9812),0.0,in,0.0,in,42.62,degF,NRCS
2021-10-07 08:00:00+00:00,538:CO:SNTL,POINT Z (-107.6762 37.93389 9812),0.0,in,0.0,in,44.42,degF,NRCS
2021-10-08 08:00:00+00:00,538:CO:SNTL,POINT Z (-107.6762 37.93389 9812),0.0,in,0.0,in,46.22,degF,NRCS
2021-10-09 08:00:00+00:00,538:CO:SNTL,POINT Z (-107.6762 37.93389 9812),0.0,in,0.0,in,40.28,degF,NRCS
2021-10-10 08:00:00+00:00,538:CO:SNTL,POINT Z (-107.6762 37.93389 9812),0.0,in,0.0,in,35.24,degF,NRCS
2021-10-11 08:00:00+00:00,538:CO:SNTL,POINT Z (-107.6762 37.93389 9812),0.0,in,0.0,in,39.02,degF,NRCS
2021-10-12 08:00:00+00:00,538:CO:SNTL,POINT Z (-107.6762 37.93389 9812),0.0,in,0.0,in,28.76,degF,NRCS
2021-10-13 08:00:00+00:00,538:CO:SNTL,POINT Z (-107.6762 37.93389 9812),0.0,in,0.0,in,27.68,degF,NRCS
2021-10-14 08:00:00+00:00,538:CO:SNTL,POINT Z (-107.6762 37.93389 9812),0.8,in,8.0,in,26.6,degF,NRCS
2021-10-15 08:00:00+00:00,538:CO:SNTL,POINT Z (-107.6762 37.93389 9812),1.1,in,8.0,in,26.42,degF,NRCS
2021-10-16 08:00:00+00:00,538:CO:SNTL,POINT Z (-107.6762 37.93389 9812),1.1,in,7.0,in,33.8,degF,NRCS
2021-10-17 08:00:00+00:00,538:CO:SNTL,POINT Z (-107.6762 37.93389 9812),1.1,in,5.0,in,40.1,degF,NRCS
2021-10-18 08:00:00+00:00,538:CO:SNTL,POINT Z (-107.6762 37.93389 9812),1.0,in,4.0,in,41.9,degF,NRCS
2021-10-19 08:00:00+00:00,538:CO:SNTL,POINT Z (-107.6762 37.93389 9812),1.0,in,2.0,in,31.82,degF,NRCS
2021-10-20 08:00:00+00:00,538:CO:SNTL,POINT Z (-107.6762 37.93389 9812),1.0,in,4.0,in,32.9,degF,NRCS
2021-10-21 08:00:00+00:00,538:CO:SNTL,POINT Z (-107.6762 37.93389 9812),1.0,in,4.0,in,37.58,degF,NRCS
2021-10-22 08:00:00+00:00,538:CO:SNTL,POINT Z (-107.6762 37.93389 9812),0.9,in,3.0,in,38.84,degF,NRCS
2021-10-23 08:00:00+00:00,538:CO:SNTL,POINT Z (-107.6762 37.93389 9812),0.8,in,2.0,in,37.76,degF,NRCS
2021-10-24 08:00:00+00:00,538:CO:SNTL,POINT Z (-107.6762 37.93389 9812),0.7,in,2.0,in,41.18,degF,NRCS
2021-10-25 08:00:00+00:00,538:CO:SNTL,POINT Z (-107.6762 37.93389 9812),0.6,in,1.0,in,46.76,degF,NRCS
2021-10-26 08:00:00+00:00,538:CO:SNTL,POINT Z (-107.6762 37.93389 9812),0.3,in,1.0,in,32.36,degF,NRCS
2021-10-27 08:00:00+00:00,538:CO:SNTL,POINT Z (-107.6762 37.93389 9812),1.2,in,12.0,in,25.7,degF,NRCS
2021-10-28 08:00:00+00:00,538:CO:SNTL,POINT Z (-107.6762 37.93389 9812),1.2,in,10.0,in,29.84,degF,NRCS
2021-10-29 08:00:00+00:00,538:CO:SNTL,POINT Z (-107.6762 37.93389 9812),1.2,in,7.0,in,34.34,degF,NRCS
2021-10-30 08:00:00+00:00,538:CO:SNTL,POINT Z (-107.6762 37.93389 9812),1.2,in,6.0,in,36.5,degF,NRCS
2021-10-31 08:00:00+00:00,538:CO:SNTL,POINT Z (-107.6762 37.93389 9812),1.2,in,5.0,in,38.12,degF,NRCS
2021-11-01 08:00:00+00:00,538:CO:SNTL,POINT Z (-107.6762 37.93389 9812),1.2,in,4.0,in,38.12,degF,NRCS
2021-11-02 08:00:00+00:00,538:CO:SNTL,POINT Z (-107.6762 37.93389 9812),1.1,in,4.0,in,35.78,degF,NRCS
2021-11-03 08:00:00+00:00,538:CO:SNTL,POINT Z (-107.6762 37.93389 9812),1.4,in,5.0,in,31.64,degF,NRCS
2021-11-04 08:00:00+00:00,538:CO:SNTL,POINT Z (-107.6762 37.93389 9812),1.3,in,5.0,in,34.16,degF,NRCS
2021-11-05 08:00:00+00:00,538:CO:SNTL,POINT Z (-107.6762 37.93389 9812),1.4,in,5.0,in,36.5,degF,NRCS
2021-11-06 08:00:00+00:00,538:CO:SNTL,POINT Z (-107.6762 37.93389 9812),1.5,in,5.0,in,39.74,degF,NRCS
2021-11-07 08:00:00+00:00,538:CO:SNTL,POINT Z (-107.6762 37.93389 9812),1.5,in,4.0,in,39.92,degF,NRCS
2021-11-08 08:00:00+00:00,538:CO:SNTL,POINT Z (-107.6762 37.93389 9812),1.4,in,4.0,in,40.28,degF,NRCS
2021-11-09 08:00:00+00:00,538:CO:SNTL,POINT Z (-107.6762 37.93389 9812),1.4,in,4.0,in,36.68,degF,NRCS
2021-11-10 08:00:00+00:00,538:CO:SNTL,POINT Z (-107.6762 37.93389 9812),1.4,in,4.0,in,30.2,degF,NRCS
2021-11-11 08:00:00+00:00,538:CO:SNTL,POINT Z (-107.6762 37.93389 9812),1.6,in,7.0,in,28.22,degF,NRCS
2021-11-12 08:00:00+00:00,538:CO:SNTL,POINT Z (-107.6762 37.93389 9812),1.5,in,6.0,in,30.38,degF,NRCS
2021-11-13 08:00:00+00:00,538:CO:SNTL,POINT Z (-107.6762 37.93389 9812),1.5,in,6.0,in,32.54,degF,NRCS
2021-11-14 08:00:00+00:00,538:CO:SNTL,POINT Z (-107.6762 37.93389 9812),1.6,in,6.0,in,33.8,degF,NRCS
2021-11-15 08:00:00+00:00,538:CO:SNTL,POINT Z (-107.6762 37.93389 9812),1.6,in,5.0,in,37.58,degF,NRCS
2021-11-16 08:00:00+00:00,538:CO:SNTL,POINT Z (-107.6762 37.93389 9812),1.6,in,5.0,in,37.22,degF,NRCS
2021-11-17 08:00:00+00:00,538:CO:SNTL,POINT Z (-107.6762 37.93389 9812),1.7,in,5.0,in,28.58,degF,NRCS
2021-11-18 08:00:00+00:00,538:CO:SNTL,POINT Z (-107.6762 37.93389 9812),1.9,in,5.0,in,31.82,degF,NRCS
2021-11-19 08:00:00+00:00,538:CO:SNTL,POINT Z (-107.6762 37.93389 9812),1.6,in,5.0,in,34.7,degF,NRCS
2021-11-20 08:00:00+00:00,538:CO:SNTL,POINT Z (-107.6762 37.93389 9812),1.5,in,5.0,in,32.36,degF,NRCS
2021-11-21 08:00:00+00:00,538:CO:SNTL,POINT Z (-107.6762 37.93389 9812),1.5,in,6.0,in,25.7,degF,NRCS
2021-11-22 08:00:00+00:00,538:CO:SNTL,POINT Z (-107.6762 37.93389 9812),1.6,in,6.0,in,31.28,degF,NRCS
2021-11-23 08:00:00+00:00,538:CO:SNTL,POINT Z (-107.6762 37.93389 9812),1.6,in,6.0,in,33.26,degF,NRCS
2021-11-24 08:00:00+00:00,538:CO:SNTL,POINT Z (-107.6762 37.93389 9812),1.4,in,6.0,in,23.0,degF,NRCS
2021-11-25 08:00:00+00:00,538:CO:SNTL,POINT Z (-107.6762 37.93389 9812),1.5,in,7.0,in,19.04,degF,NRCS
2021-11-26 08:00:00+00:00,538:CO:SNTL,POINT Z (-107.6762 37.93389 9812),1.5,in,7.0,in,28.58,degF,NRCS
2021-11-27 08:00:00+00:00,538:CO:SNTL,POINT Z (-107.6762 37.93389 9812),1.6,in,7.0,in,29.66,degF,NRCS
2021-11-28 08:00:00+00:00,538:CO:SNTL,POINT Z (-107.6762 37.93389 9812),1.6,in,7.0,in,31.28,degF,NRCS
2021-11-29 08:00:00+00:00,538:CO:SNTL,POINT Z (-107.6762 37.93389 9812),1.6,in,6.0,in,33.98,degF,NRCS
2021-11-30 08:00:00+00:00,538:CO:SNTL,POINT Z (-107.6762 37.93389 9812),1.7,in,7.0,in,30.74,degF,NRCS
2021-12-01 08:00:00+00:00,538:CO:SNTL,POINT Z (-107.6762 37.93389 9812),1.7,in,6.0,in,32.72,degF,NRCS
2021-12-02 08:00:00+00:00,538:CO:SNTL,POINT Z (-107.6762 37.93389 9812),1.7,in,6.0,in,36.14,degF,NRCS
2021-12-03 08:00:00+00:00,538:CO:SNTL,POINT Z (-107.6762 37.93389 9812),1.7,in,6.0,in,33.08,degF,NRCS
2021-12-04 08:00:00+00:00,538:CO:SNTL,POINT Z (-107.6762 37.93389 9812),1.7,in,6.0,in,31.82,degF,NRCS
2021-12-05 08:00:00+00:00,538:CO:SNTL,POINT Z (-107.6762 37.93389 9812),1.7,in,6.0,in,29.48,degF,NRCS
2021-12-06 08:00:00+00:00,538:CO:SNTL,POINT Z (-107.6762 37.93389 9812),1.7,in,6.0,in,29.12,degF,NRCS
2021-12-07 08:00:00+00:00,538:CO:SNTL,POINT Z (-107.6762 37.93389 9812),1.6,in,8.0,in,26.06,degF,NRCS
2021-12-08 08:00:00+00:00,538:CO:SNTL,POINT Z (-107.6762 37.93389 9812),1.8,in,12.0,in,26.42,degF,NRCS
2021-12-09 08:00:00+00:00,538:CO:SNTL,POINT Z (-107.6762 37.93389 9812),1.9,in,11.0,in,29.66,degF,NRCS
2021-12-10 08:00:00+00:00,538:CO:SNTL,POINT Z (-107.6762 37.93389 9812),2.4,in,17.0,in,14.0,degF,NRCS
2021-12-11 08:00:00+00:00,538:CO:SNTL,POINT Z (-107.6762 37.93389 9812),2.6,in,21.0,in,10.94,degF,NRCS
2021-12-12 08:00:00+00:00,538:CO:SNTL,POINT Z (-107.6762 37.93389 9812),2.8,in,18.0,in,25.7,degF,NRCS
2021-12-13 08:00:00+00:00,538:CO:SNTL,POINT Z (-107.6762 37.93389 9812),2.8,in,17.0,in,29.66,degF,NRCS
2021-12-14 08:00:00+00:00,538:CO:SNTL,POINT Z (-107.6762 37.93389 9812),2.9,in,16.0,in,34.34,degF,NRCS
2021-12-15 08:00:00+00:00,538:CO:SNTL,POINT Z (-107.6762 37.93389 9812),3.1,in,16.0,in,20.84,degF,NRCS
2021-12-16 08:00:00+00:00,538:CO:SNTL,POINT Z (-107.6762 37.93389 9812),3.6,in,20.0,in,24.26,degF,NRCS
2021-12-17 08:00:00+00:00,538:CO:SNTL,POINT Z (-107.6762 37.93389 9812),3.7,in,19.0,in,13.82,degF,NRCS
2021-12-18 08:00:00+00:00,538:CO:SNTL,POINT Z (-107.6762 37.93389 9812),3.6,in,18.0,in,9.5,degF,NRCS
2021-12-19 08:00:00+00:00,538:CO:SNTL,POINT Z (-107.6762 37.93389 9812),3.5,in,18.0,in,17.6,degF,NRCS
2021-12-20 08:00:00+00:00,538:CO:SNTL,POINT Z (-107.6762 37.93389 9812),3.6,in,18.0,in,21.92,degF,NRCS
2021-12-21 08:00:00+00:00,538:CO:SNTL,POINT Z (-107.6762 37.93389 9812),3.6,in,17.0,in,26.42,degF,NRCS
2021-12-22 08:00:00+00:00,538:CO:SNTL,POINT Z (-107.6762 37.93389 9812),3.6,in,16.0,in,29.3,degF,NRCS
2021-12-23 08:00:00+00:00,538:CO:SNTL,POINT Z (-107.6762 37.93389 9812),3.6,in,16.0,in,34.34,degF,NRCS
2021-12-24 08:00:00+00:00,538:CO:SNTL,POINT Z (-107.6762 37.93389 9812),3.8,in,17.0,in,31.1,degF,NRCS
2021-12-25 08:00:00+00:00,538:CO:SNTL,POINT Z (-107.6762 37.93389 9812),4.4,in,24.0,in,25.7,degF,NRCS
2021-12-26 08:00:00+00:00,538:CO:SNTL,POINT Z (-107.6762 37.93389 9812),4.4,in,23.0,in,25.16,degF,NRCS
2021-12-27 08:00:00+00:00,538:CO:SNTL,POINT Z (-107.6762 37.93389 9812),4.6,in,24.0,in,23.54,degF,NRCS
2021-12-28 08:00:00+00:00,538:CO:SNTL,POINT Z (-107.6762 37.93389 9812),4.7,in,24.0,in,19.4,degF,NRCS
2021-12-29 08:00:00+00:00,538:CO:SNTL,POINT Z (-107.6762 37.93389 9812),4.7,in,24.0,in,19.22,degF,NRCS
2021-12-30 08:00:00+00:00,538:CO:SNTL,POINT Z (-107.6762 37.93389 9812),4.7,in,23.0,in,21.92,degF,NRCS
2021-12-31 08:00:00+00:00,538:CO:SNTL,POINT Z (-107.6762 37.93389 9812),4.8,in,23.0,in,23.72,degF,NRCS
2022-01-01 08:00:00+00:00,538:CO:SNTL,POINT Z (-107.6762 37.93389 9812),5.2,in,28.0,in,6.08,degF,NRCS
2022-01-02 08:00:00+00:00,538:CO:SNTL,POINT Z (-107.6762 37.93389 9812),5.0,in,29.0,in,10.94,degF,NRCS
2022-01-03 08:00:00+00:00,538:CO:SNTL,POINT Z (-107.6762 37.93389 9812),5.2,in,26.0,in,21.92,degF,NRCS
2022-01-04 08:00:00+00:00,538:CO:SNTL,POINT Z (-107.6762 37.93389 9812),5.3,in,26.0,in,28.04,degF,NRCS
2022-01-05 08:00:00+00:00,538:CO:SNTL,POINT Z (-107.6762 37.93389 9812),5.3,in,24.0,in,30.74,degF,NRCS
2022-01-06 08:00:00+00:00,538:CO:SNTL,POINT Z (-107.6762 37.93389 9812),5.3,in,24.0,in,32.54,degF,NRCS
2022-01-07 08:00:00+00:00,538:CO:SNTL,POINT Z (-107.6762 37.93389 9812),5.3,in,23.0,in,32.18,degF,NRCS
2022-01-08 08:00:00+00:00,538:CO:SNTL,POINT Z (-107.6762 37.93389 9812),5.4,in,23.0,in,25.88,degF,NRCS
2022-01-09 08:00:00+00:00,538:CO:SNTL,POINT Z (-107.6762 37.93389 9812),5.4,in,26.0,in,13.1,degF,NRCS
2022-01-10 08:00:00+00:00,538:CO:SNTL,POINT Z (-107.6762 37.93389 9812),5.4,in,25.0,in,20.12,degF,NRCS
2022-01-11 08:00:00+00:00,538:CO:SNTL,POINT Z (-107.6762 37.93389 9812),5.5,in,25.0,in,20.66,degF,NRCS
2022-01-12 08:00:00+00:00,538:CO:SNTL,POINT Z (-107.6762 37.93389 9812),5.5,in,24.0,in,24.26,degF,NRCS
2022-01-13 08:00:00+00:00,538:CO:SNTL,POINT Z (-107.6762 37.93389 9812),5.5,in,24.0,in,30.92,degF,NRCS
2022-01-14 08:00:00+00:00,538:CO:SNTL,POINT Z (-107.6762 37.93389 9812),5.5,in,24.0,in,24.98,degF,NRCS
2022-01-15 08:00:00+00:00,538:CO:SNTL,POINT Z (-107.6762 37.93389 9812),5.5,in,24.0,in,17.78,degF,NRCS
2022-01-16 08:00:00+00:00,538:CO:SNTL,POINT Z (-107.6762 37.93389 9812),5.5,in,24.0,in,23.36,degF,NRCS
2022-01-17 08:00:00+00:00,538:CO:SNTL,POINT Z (-107.6762 37.93389 9812),5.6,in,24.0,in,24.44,degF,NRCS
2022-01-18 08:00:00+00:00,538:CO:SNTL,POINT Z (-107.6762 37.93389 9812),5.6,in,24.0,in,23.72,degF,NRCS
2022-01-19 08:00:00+00:00,538:CO:SNTL,POINT Z (-107.6762 37.93389 9812),5.6,in,23.0,in,20.84,degF,NRCS
2022-01-20 08:00:00+00:00,538:CO:SNTL,POINT Z (-107.6762 37.93389 9812),5.6,in,24.0,in,16.88,degF,NRCS
2022-01-21 08:00:00+00:00,538:CO:SNTL,POINT Z (-107.6762 37.93389 9812),5.6,in,24.0,in,22.64,degF,NRCS
2022-01-22 08:00:00+00:00,538:CO:SNTL,POINT Z (-107.6762 37.93389 9812),5.6,in,24.0,in,20.12,degF,NRCS
2022-01-23 08:00:00+00:00,538:CO:SNTL,POINT Z (-107.6762 37.93389 9812),5.6,in,25.0,in,19.58,degF,NRCS
2022-01-24 08:00:00+00:00,538:CO:SNTL,POINT Z (-107.6762 37.93389 9812),5.6,in,24.0,in,20.48,degF,NRCS
2022-01-25 08:00:00+00:00,538:CO:SNTL,POINT Z (-107.6762 37.93389 9812),5.6,in,25.0,in,19.76,degF,NRCS
2022-01-26 08:00:00+00:00,538:CO:SNTL,POINT Z (-107.6762 37.93389 9812),5.7,in,26.0,in,14.54,degF,NRCS
2022-01-27 08:00:00+00:00,538:CO:SNTL,POINT Z (-107.6762 37.93389 9812),5.7,in,26.0,in,12.2,degF,NRCS
2022-01-28 08:00:00+00:00,538:CO:SNTL,POINT Z (-107.6762 37.93389 9812),5.7,in,26.0,in,13.28,degF,NRCS
2022-01-29 08:00:00+00:00,538:CO:SNTL,POINT Z (-107.6762 37.93389 9812),5.7,in,25.0,in,23.18,degF,NRCS
2022-01-30 08:00:00+00:00,538:CO:SNTL,POINT Z (-107.6762 37.93389 9812),5.7,in,25.0,in,24.26,degF,NRCS
2022-01-31 08:00:00+00:00,538:CO:SNTL,POINT Z (-107.6762 37.93389 9812),5.7,in,25.0,in,25.34,degF,NRCS
2022-02-01 08:00:00+00:00,538:CO:SNTL,POINT Z (-107.6762 37.93389 9812),5.7,in,25.0,in,20.84,degF,NRCS
2022-02-02 08:00:00+00:00,538:CO:SNTL,POINT Z (-107.6762 37.93389 9812),5.7,in,26.0,in,7.88,degF,NRCS
2022-02-03 08:00:00+00:00,538:CO:SNTL,POINT Z (-107.6762 37.93389 9812),5.7,in,27.0,in,-2.2,degF,NRCS
2022-02-04 08:00:00+00:00,538:CO:SNTL,POINT Z (-107.6762 37.93389 9812),5.7,in,27.0,in,9.86,degF,NRCS
2022-02-05 08:00:00+00:00,538:CO:SNTL,POINT Z (-107.6762 37.93389 9812),5.8,in,27.0,in,16.52,degF,NRCS
2022-02-06 08:00:00+00:00,538:CO:SNTL,POINT Z (-107.6762 37.93389 9812),5.8,in,27.0,in,14.72,degF,NRCS
2022-02-07 08:00:00+00:00,538:CO:SNTL,POINT Z (-107.6762 37.93389 9812),5.8,in,27.0,in,16.34,degF,NRCS
2022-02-08 08:00:00+00:00,538:CO:SNTL,POINT Z (-107.6762 37.93389 9812),5.8,in,27.0,in,22.64,degF,NRCS
2022-02-09 08:00:00+00:00,538:CO:SNTL,POINT Z (-107.6762 37.93389 9812),5.9,in,26.0,in,24.8,degF,NRCS
2022-02-10 08:00:00+00:00,538:CO:SNTL,POINT Z (-107.6762 37.93389 9812),5.9,in,26.0,in,24.98,degF,NRCS
2022-02-11 08:00:00+00:00,538:CO:SNTL,POINT Z (-107.6762 37.93389 9812),5.9,in,26.0,in,27.86,degF,NRCS
2022-02-12 08:00:00+00:00,538:CO:SNTL,POINT Z (-107.6762 37.93389 9812),5.9,in,26.0,in,19.76,degF,NRCS
2022-02-13 08:00:00+00:00,538:CO:SNTL,POINT Z (-107.6762 37.93389 9812),5.9,in,26.0,in,23.18,degF,NRCS
2022-02-14 08:00:00+00:00,538:CO:SNTL,POINT Z (-107.6762 37.93389 9812),5.9,in,26.0,in,26.96,degF,NRCS
2022-02-15 08:00:00+00:00,538:CO:SNTL,POINT Z (-107.6762 37.93389 9812),6.0,in,25.0,in,32.0,degF,NRCS
2022-02-16 08:00:00+00:00,538:CO:SNTL,POINT Z (-107.6762 37.93389 9812),6.0,in,25.0,in,25.52,degF,NRCS
2022-02-17 08:00:00+00:00,538:CO:SNTL,POINT Z (-107.6762 37.93389 9812),6.2,in,32.0,in,15.44,degF,NRCS
2022-02-18 08:00:00+00:00,538:CO:SNTL,POINT Z (-107.6762 37.93389 9812),6.2,in,31.0,in,17.06,degF,NRCS
2022-02-19 08:00:00+00:00,538:CO:SNTL,POINT Z (-107.6762 37.93389 9812),6.3,in,29.0,in,24.44,degF,NRCS
2022-02-20 08:00:00+00:00,538:CO:SNTL,POINT Z (-107.6762 37.93389 9812),6.5,in,28.0,in,29.48,degF,NRCS
2022-02-21 08:00:00+00:00,538:CO:SNTL,POINT Z (-107.6762 37.93389 9812),6.5,in,28.0,in,27.5,degF,NRCS
2022-02-22 08:00:00+00:00,538:CO:SNTL,POINT Z (-107.6762 37.93389 9812),6.7,in,31.0,in,22.46,degF,NRCS
2022-02-23 08:00:00+00:00,538:CO:SNTL,POINT Z (-107.6762 37.93389 9812),7.5,in,39.0,in,20.66,degF,NRCS
2022-02-24 08:00:00+00:00,538:CO:SNTL,POINT Z (-107.6762 37.93389 9812),8.5,in,48.0,in,13.46,degF,NRCS
2022-02-25 08:00:00+00:00,538:CO:SNTL,POINT Z (-107.6762 37.93389 9812),8.5,in,45.0,in,12.2,degF,NRCS
2022-02-26 08:00:00+00:00,538:CO:SNTL,POINT Z (-107.6762 37.93389 9812),8.5,in,42.0,in,9.68,degF,NRCS
2022-02-27 08:00:00+00:00,538:CO:SNTL,POINT Z (-107.6762 37.93389 9812),8.5,in,41.0,in,20.3,degF,NRCS
2022-02-28 08:00:00+00:00,538:CO:SNTL,POINT Z (-107.6762 37.93389 9812),8.5,in,39.0,in,24.62,degF,NRCS
2022-03-01 08:00:00+00:00,538:CO:SNTL,POINT Z (-107.6762 37.93389 9812),8.5,in,38.0,in,29.3,degF,NRCS
2022-03-02 08:00:00+00:00,538:CO:SNTL,POINT Z (-107.6762 37.93389 9812),8.5,in,36.0,in,33.98,degF,NRCS
2022-03-03 08:00:00+00:00,538:CO:SNTL,POINT Z (-107.6762 37.93389 9812),8.5,in,35.0,in,36.86,degF,NRCS
2022-03-04 08:00:00+00:00,538:CO:SNTL,POINT Z (-107.6762 37.93389 9812),8.6,in,35.0,in,31.28,degF,NRCS
2022-03-05 08:00:00+00:00,538:CO:SNTL,POINT Z (-107.6762 37.93389 9812),8.7,in,35.0,in,26.96,degF,NRCS
2022-03-06 08:00:00+00:00,538:CO:SNTL,POINT Z (-107.6762 37.93389 9812),8.9,in,36.0,in,19.4,degF,NRCS
2022-03-07 08:00:00+00:00,538:CO:SNTL,POINT Z (-107.6762 37.93389 9812),9.2,in,41.0,in,12.38,degF,NRCS
2022-03-08 08:00:00+00:00,538:CO:SNTL,POINT Z (-107.6762 37.93389 9812),9.3,in,40.0,in,10.04,degF,NRCS
2022-03-09 08:00:00+00:00,538:CO:SNTL,POINT Z (-107.6762 37.93389 9812),9.3,in,39.0,in,21.74,degF,NRCS
2022-03-10 08:00:00+00:00,538:CO:SNTL,POINT Z (-107.6762 37.93389 9812),9.7,in,44.0,in,14.18,degF,NRCS
2022-03-11 08:00:00+00:00,538:CO:SNTL,POINT Z (-107.6762 37.93389 9812),9.9,in,45.0,in,6.8,degF,NRCS
2022-03-12 08:00:00+00:00,538:CO:SNTL,POINT Z (-107.6762 37.93389 9812),9.9,in,43.0,in,22.82,degF,NRCS
2022-03-13 08:00:00+00:00,538:CO:SNTL,POINT Z (-107.6762 37.93389 9812),10.1,in,41.0,in,29.66,degF,NRCS
2022-03-14 08:00:00+00:00,538:CO:SNTL,POINT Z (-107.6762 37.93389 9812),10.2,in,43.0,in,27.32,degF,NRCS
2022-03-15 08:00:00+00:00,538:CO:SNTL,POINT Z (-107.6762 37.93389 9812),10.4,in,43.0,in,31.82,degF,NRCS
2022-03-16 08:00:00+00:00,538:CO:SNTL,POINT Z (-107.6762 37.93389 9812),10.6,in,41.0,in,32.54,degF,NRCS
2022-03-17 08:00:00+00:00,538:CO:SNTL,POINT Z (-107.6762 37.93389 9812),10.7,in,43.0,in,22.82,degF,NRCS
2022-03-18 08:00:00+00:00,538:CO:SNTL,POINT Z (-107.6762 37.93389 9812),10.8,in,43.0,in,22.1,degF,NRCS
2022-03-19 08:00:00+00:00,538:CO:SNTL,POINT Z (-107.6762 37.93389 9812),10.9,in,42.0,in,29.48,degF,NRCS
2022-03-20 08:00:00+00:00,538:CO:SNTL,POINT Z (-107.6762 37.93389 9812),10.9,in,40.0,in,34.7,degF,NRCS
2022-03-21 08:00:00+00:00,538:CO:SNTL,POINT Z (-107.6762 37.93389 9812),11.0,in,41.0,in,26.42,degF,NRCS
2022-03-22 08:00:00+00:00,538:CO:SNTL,POINT Z (-107.6762 37.93389 9812),11.0,in,40.0,in,21.2,degF,NRCS
2022-03-23 08:00:00+00:00,538:CO:SNTL,POINT Z (-107.6762 37.93389 9812),11.0,in,41.0,in,23.36,degF,NRCS
2022-03-24 08:00:00+00:00,538:CO:SNTL,POINT Z (-107.6762 37.93389 9812),11.0,in,40.0,in,31.28,degF,NRCS
2022-03-25 08:00:00+00:00,538:CO:SNTL,POINT Z (-107.6762 37.93389 9812),11.0,in,39.0,in,36.32,degF,NRCS
2022-03-26 08:00:00+00:00,538:CO:SNTL,POINT Z (-107.6762 37.93389 9812),11.0,in,38.0,in,41.54,degF,NRCS
2022-03-27 08:00:00+00:00,538:CO:SNTL,POINT Z (-107.6762 37.93389 9812),11.0,in,36.0,in,43.52,degF,NRCS
2022-03-28 08:00:00+00:00,538:CO:SNTL,POINT Z (-107.6762 37.93389 9812),10.6,in,34.0,in,40.46,degF,NRCS
2022-03-29 08:00:00+00:00,538:CO:SNTL,POINT Z (-107.6762 37.93389 9812),10.4,in,32.0,in,32.72,degF,NRCS
2022-03-30 08:00:00+00:00,538:CO:SNTL,POINT Z (-107.6762 37.93389 9812),10.7,in,37.0,in,27.5,degF,NRCS
2022-03-31 08:00:00+00:00,538:CO:SNTL,POINT Z (-107.6762 37.93389 9812),11.2,in,40.0,in,30.02,degF,NRCS
2022-04-01 08:00:00+00:00,538:CO:SNTL,POINT Z (-107.6762 37.93389 9812),11.4,in,40.0,in,32.18,degF,NRCS
2022-04-02 08:00:00+00:00,538:CO:SNTL,POINT Z (-107.6762 37.93389 9812),11.6,in,37.0,in,35.96,degF,NRCS
2022-04-03 08:00:00+00:00,538:CO:SNTL,POINT Z (-107.6762 37.93389 9812),11.4,in,35.0,in,36.32,degF,NRCS
2022-04-04 08:00:00+00:00,538:CO:SNTL,POINT Z (-107.6762 37.93389 9812),11.3,in,35.0,in,39.74,degF,NRCS
2022-04-05 08:00:00+00:00,538:CO:SNTL,POINT Z (-107.6762 37.93389 9812),11.2,in,34.0,in,39.38,degF,NRCS
2022-04-06 08:00:00+00:00,538:CO:SNTL,POINT Z (-107.6762 37.93389 9812),11.2,in,34.0,in,24.26,degF,NRCS
2022-04-07 08:00:00+00:00,538:CO:SNTL,POINT Z (-107.6762 37.93389 9812),11.3,in,34.0,in,28.58,degF,NRCS
2022-04-08 08:00:00+00:00,538:CO:SNTL,POINT Z (-107.6762 37.93389 9812),11.2,in,33.0,in,34.7,degF,NRCS
2022-04-09 08:00:00+00:00,538:CO:SNTL,POINT Z (-107.6762 37.93389 9812),11.1,in,32.0,in,42.44,degF,NRCS
2022-04-10 08:00:00+00:00,538:CO:SNTL,POINT Z (-107.6762 37.93389 9812),10.6,in,30.0,in,32.9,degF,NRCS
2022-04-11 08:00:00+00:00,538:CO:SNTL,POINT Z (-107.6762 37.93389 9812),10.5,in,31.0,in,38.12,degF,NRCS
2022-04-12 08:00:00+00:00,538:CO:SNTL,POINT Z (-107.6762 37.93389 9812),10.4,in,30.0,in,24.08,degF,NRCS
2022-04-13 08:00:00+00:00,538:CO:SNTL,POINT Z (-107.6762 37.93389 9812),10.9,in,38.0,in,17.96,degF,NRCS
2022-04-14 08:00:00+00:00,538:CO:SNTL,POINT Z (-107.6762 37.93389 9812),11.0,in,36.0,in,29.66,degF,NRCS
2022-04-15 08:00:00+00:00,538:CO:SNTL,POINT Z (-107.6762 37.93389 9812),11.1,in,33.0,in,38.48,degF,NRCS
2022-04-16 08:00:00+00:00,538:CO:SNTL,POINT Z (-107.6762 37.93389 9812),11.2,in,31.0,in,40.82,degF,NRCS
2022-04-17 08:00:00+00:00,538:CO:SNTL,POINT Z (-107.6762 37.93389 9812),10.7,in,31.0,in,38.84,degF,NRCS
2022-04-18 08:00:00+00:00,538:CO:SNTL,POINT Z (-107.6762 37.93389 9812),10.5,in,29.0,in,42.98,degF,NRCS
2022-04-19 08:00:00+00:00,538:CO:SNTL,POINT Z (-107.6762 37.93389 9812),9.9,in,27.0,in,45.32,degF,NRCS
2022-04-20 08:00:00+00:00,538:CO:SNTL,POINT Z (-107.6762 37.93389 9812),9.1,in,25.0,in,43.34,degF,NRCS
2022-04-21 08:00:00+00:00,538:CO:SNTL,POINT Z (-107.6762 37.93389 9812),8.7,in,23.0,in,45.5,degF,NRCS
2022-04-22 08:00:00+00:00,538:CO:SNTL,POINT Z (-107.6762 37.93389 9812),7.0,in,20.0,in,37.76,degF,NRCS
2022-04-23 08:00:00+00:00,538:CO:SNTL,POINT Z (-107.6762 37.93389 9812),6.8,in,21.0,in,28.58,degF,NRCS
2022-04-24 08:00:00+00:00,538:CO:SNTL,POINT Z (-107.6762 37.93389 9812),7.2,in,23.0,in,28.04,degF,NRCS
2022-04-25 08:00:00+00:00,538:CO:SNTL,POINT Z (-107.6762 37.93389 9812),7.2,in,23.0,in,32.9,degF,NRCS
2022-04-26 08:00:00+00:00,538:CO:SNTL,POINT Z (-107.6762 37.93389 9812),7.0,in,20.0,in,41.36,degF,NRCS
2022-04-27 08:00:00+00:00,538:CO:SNTL,POINT Z (-107.6762 37.93389 9812),6.4,in,18.0,in,44.06,degF,NRCS
2022-04-28 08:00:00+00:00,538:CO:SNTL,POINT Z (-107.6762 37.93389 9812),5.7,in,16.0,in,42.44,degF,NRCS
2022-04-29 08:00:00+00:00,538:CO:SNTL,POINT Z (-107.6762 37.93389 9812),5.0,in,13.0,in,36.68,degF,NRCS
2022-04-30 08:00:00+00:00,538:CO:SNTL,POINT Z (-107.6762 37.93389 9812),4.0,in,11.0,in,37.58,degF,NRCS
2022-05-01 08:00:00+00:00,538:CO:SNTL,POINT Z (-107.6762 37.93389 9812),3.0,in,7.0,in,43.52,degF,NRCS
2022-05-02 08:00:00+00:00,538:CO:SNTL,POINT Z (-107.6762 37.93389 9812),2.2,in,6.0,in,40.64,degF,NRCS
2022-05-03 08:00:00+00:00,538:CO:SNTL,POINT Z (-107.6762 37.93389 9812),1.0,in,2.0,in,40.64,degF,NRCS
2022-05-04 08:00:00+00:00,538:CO:SNTL,POINT Z (-107.6762 37.93389 9812),0.3,in,0.0,in,28.76,degF,NRCS
2022-05-05 08:00:00+00:00,538:CO:SNTL,POINT Z (-107.6762 37.93389 9812),0.0,in,0.0,in,38.84,degF,NRCS
2022-05-06 08:00:00+00:00,538:CO:SNTL,POINT Z (-107.6762 37.93389 9812),0.0,in,0.0,in,46.76,degF,NRCS
2022-05-07 08:00:00+00:00,538:CO:SNTL,POINT Z (-107.6762 37.93389 9812),0.0,in,0.0,in,50.9,degF,NRCS
2022-05-08 08:00:00+00:00,538:CO:SNTL,POINT Z (-107.6762 37.93389 9812),0.0,in,0.0,in,48.38,degF,NRCS
2022-05-09 08:00:00+00:00,538:CO:SNTL,POINT Z (-107.6762 37.93389 9812),0.0,in,0.0,in,46.22,degF,NRCS
2022-05-10 08:00:00+00:00,538:CO:SNTL,POINT Z (-107.6762 37.93389 9812),0.0,in,0.0,in,48.02,degF,NRCS
2022-05-11 08:00:00+00:00,538:CO:SNTL,POINT Z (-107.6762 37.93389 9812),0.0,in,0.0,in,50.0,degF,NRCS
2022-05-12 08:00:00+00:00,538:CO:SNTL,POINT Z (-107.6762 37.93389 9812),0.0,in,0.0,in,40.46,degF,NRCS
2022-05-13 08:00:00+00:00,538:CO:SNTL,POINT Z (-107.6762 37.93389 9812),0.0,in,0.0,in,41.18,degF,NRCS
2022-05-14 08:00:00+00:00,538:CO:SNTL,POINT Z (-107.6762 37.93389 9812),0.0,in,0.0,in,45.86,degF,NRCS
2022-05-15 08:00:00+00:00,538:CO:SNTL,POINT Z (-107.6762 37.93389 9812),0.0,in,0.0,in,49.46,degF,NRCS
2022-05-16 08:00:00+00:00,538:CO:SNTL,POINT Z (-107.6762 37.93389 9812),0.0,in,0.0,in,49.64,degF,NRCS
2022-05-17 08:00:00+00:00,538:CO:SNTL,POINT Z (-107.6762 37.93389 9812),0.0,in,0.0,in,49.82,degF,NRCS
2022-05-18 08:00:00+00:00,538:CO:SNTL,POINT Z (-107.6762 37.93389 9812),0.0,in,0.0,in,48.92,degF,NRCS
2022-05-19 08:00:00+00:00,538:CO:SNTL,POINT Z (-107.6762 37.93389 9812),0.0,in,0.0,in,52.88,degF,NRCS
2022-05-20 08:00:00+00:00,538:CO:SNTL,POINT Z (-107.6762 37.93389 9812),0.0,in,0.0,in,38.66,degF,NRCS
2022-05-21 08:00:00+00:00,538:CO:SNTL,POINT Z (-107.6762 37.93389 9812),0.0,in,0.0,in,37.76,degF,NRCS
2022-05-22 08:00:00+00:00,538:CO:SNTL,POINT Z (-107.6762 37.93389 9812),0.0,in,0.0,in,44.78,degF,NRCS
2022-05-23 08:00:00+00:00,538:CO:SNTL,POINT Z (-107.6762 37.93389 9812),0.0,in,0.0,in,41.9,degF,NRCS
2022-05-24 08:00:00+00:00,538:CO:SNTL,POINT Z (-107.6762 37.93389 9812),0.0,in,0.0,in,35.42,degF,NRCS
2022-05-25 08:00:00+00:00,538:CO:SNTL,POINT Z (-107.6762 37.93389 9812),0.0,in,0.0,in,41.9,degF,NRCS
2022-05-26 08:00:00+00:00,538:CO:SNTL,POINT Z (-107.6762 37.93389 9812),0.0,in,0.0,in,50.0,degF,NRCS
2022-05-27 08:00:00+00:00,538:CO:SNTL,POINT Z (-107.6762 37.93389 9812),0.0,in,0.0,in,52.52,degF,NRCS
2022-05-28 08:00:00+00:00,538:CO:SNTL,POINT Z (-107.6762 37.93389 9812),0.0,in,0.0,in,52.34,degF,NRCS
2022-05-29 08:00:00+00:00,538:CO:SNTL,POINT Z (-107.6762 37.93389 9812),0.0,in,0.0,in,44.6,degF,NRCS
2022-05-30 08:00:00+00:00,538:CO:SNTL,POINT Z (-107.6762 37.93389 9812),0.0,in,0.0,in,38.48,degF,NRCS
2022-05-31 08:00:00+00:00,538:CO:SNTL,POINT Z (-107.6762 37.93389 9812),0.0,in,0.0,in,42.26,degF,NRCS
2022-06-01 08:00:00+00:00,538:CO:SNTL,POINT Z (-107.6762 37.93389 9812),0.0,in,0.0,in,45.32,degF,NRCS
